Date,Open,High,Low,Last,Close,Total Trade Quantity,Turnover (Lacs)
2010-05-18,75.0,97.45,54.3,55.2,57.4,81321869.0,63212.07
2010-05-19,52.0,54.7,48.8,50.9,50.7,14907666.0,7677.54
2010-05-20,51.05,52.8,48.8,48.85,49.4,2620293.0,1330.11
2010-05-21,48.5,48.5,41.1,41.9,42.0,2860261.0,1242.98
2010-05-24,43.0,46.6,39.75,42.5,42.7,7129871.0,3129.68
2010-05-25,41.0,43.4,40.05,40.1,40.5,2012217.0,842.91
2010-05-26,41.85,42.3,40.0,40.3,40.4,1214317.0,500.62
2010-05-27,40.75,40.75,38.6,38.9,39.1,1055343.0,415.08
2010-05-28,40.0,41.45,39.45,39.55,39.7,1296255.0,523.03
2010-05-31,39.75,40.3,38.45,38.45,38.65,613913.0,239.64
2010-06-01,38.6,41.2,38.1,38.8,38.95,1492937.0,595.6
2010-06-02,39.4,39.9,38.5,38.7,38.65,467593.0,182.09
2010-06-03,39.4,40.4,38.6,38.9,38.9,886747.0,350.92
2010-06-04,39.3,40.0,38.15,38.35,38.55,325324.0,126.47
2010-06-07,38.0,38.0,37.15,37.3,37.35,365870.0,137.14
2010-06-08,37.5,39.25,37.1,37.5,37.3,744674.0,284.03
2010-06-09,37.5,38.25,37.2,37.4,37.35,366890.0,138.11
2010-06-10,37.35,38.05,37.35,37.7,37.65,329535.0,124.19
2010-06-11,38.1,38.3,37.15,37.25,37.35,279234.0,105.45
2010-06-14,37.65,37.85,37.2,37.3,37.35,197587.0,74.06
2010-06-15,37.4,38.4,37.35,37.7,37.75,407834.0,154.43
2010-06-16,37.9,41.4,37.75,39.95,39.9,2345007.0,939.13
2010-06-17,40.25,41.25,39.6,39.65,39.75,518273.0,209.09
2010-06-18,40.0,40.25,38.5,38.6,38.6,215272.0,84.19
2010-06-21,39.1,39.5,38.5,38.75,38.55,197782.0,76.64
2010-06-22,38.35,38.7,38.05,38.25,38.2,138279.0,52.94
2010-06-23,38.0,39.8,38.0,39.25,39.3,404584.0,158.41
2010-06-24,40.0,40.3,39.15,39.45,39.35,362821.0,144.21
2010-06-25,39.1,39.75,38.55,38.85,38.75,154925.0,60.7
2010-06-28,39.0,39.75,38.5,38.9,38.85,361314.0,141.07
2010-06-29,39.1,39.5,38.35,38.55,38.5,209913.0,81.41
2010-06-30,38.55,39.4,38.0,38.85,38.8,208824.0,80.92
2010-07-01,39.0,39.0,38.1,38.2,38.2,135919.0,52.17
2010-07-02,38.45,39.25,37.8,38.15,38.05,239457.0,92.27
2010-07-05,38.15,38.75,38.0,38.1,38.15,99630.0,38.16
2010-07-06,38.15,38.7,38.05,38.1,38.1,211605.0,81.14
2010-07-07,38.4,40.4,38.25,40.05,39.9,909973.0,360.29
2010-07-08,41.0,41.0,39.7,39.9,39.9,521920.0,210.19
2010-07-09,40.05,40.8,39.1,39.15,39.45,238473.0,95.44
2010-07-12,39.85,39.85,39.1,39.25,39.2,103026.0,40.56
2010-07-13,39.65,39.7,38.9,39.3,39.15,105300.0,41.28
2010-07-14,39.5,39.6,38.4,38.5,38.65,163846.0,64.09
2010-07-15,38.85,39.0,38.35,38.45,38.45,114454.0,44.2
2010-07-16,38.4,39.35,38.25,38.7,38.75,157935.0,61.31
2010-07-19,38.3,39.35,38.3,38.45,38.55,106083.0,41.16
2010-07-20,38.6,39.2,38.2,38.2,38.35,123695.0,47.87
2010-07-21,38.5,38.9,38.0,38.15,38.2,98736.0,37.93
2010-07-22,38.1,38.5,38.1,38.15,38.2,67702.0,25.91
2010-07-23,38.4,38.55,37.5,37.55,37.6,113196.0,42.89
2010-07-26,38.0,38.0,37.55,37.75,37.8,95230.0,35.95
2010-07-27,37.9,37.9,36.9,36.95,37.2,88905.0,33.29
2010-07-28,37.25,37.45,36.1,36.35,36.2,149968.0,55.11
2010-07-29,36.5,36.6,36.0,36.3,36.25,138911.0,50.48
2010-07-30,36.25,36.5,35.5,35.7,35.95,75163.0,27.18
2010-08-02,36.25,36.25,35.1,35.15,35.35,111739.0,40.01
2010-08-03,35.5,35.55,35.0,35.1,35.1,85973.0,30.29
2010-08-04,35.1,35.8,35.05,35.6,35.55,97559.0,34.57
2010-08-05,35.55,38.7,35.5,37.0,37.15,873848.0,328.64
2010-08-06,37.5,37.8,36.05,36.45,36.65,230843.0,85.77
2010-08-09,36.65,37.9,36.6,37.6,37.45,191095.0,71.37
2010-08-10,37.4,38.85,37.4,38.05,37.8,242042.0,92.18
2010-08-11,38.0,38.3,37.0,37.2,37.2,126950.0,47.64
2010-08-12,36.8,39.5,36.8,38.65,38.55,655076.0,253.38
2010-08-13,39.0,39.8,38.35,38.5,38.55,356511.0,139.12
2010-08-16,38.5,39.2,37.25,37.7,37.65,173763.0,66.66
2010-08-17,38.0,38.7,37.4,37.55,37.5,109319.0,41.57
2010-08-18,37.35,38.4,37.35,37.85,37.75,140187.0,53.15
2010-08-19,38.0,38.4,37.6,38.0,38.05,168707.0,64.2
2010-08-20,37.6,38.3,37.3,37.3,37.6,140000.0,52.89
2010-08-23,37.6,37.9,34.7,37.0,36.9,126300.0,47.05
2010-08-24,37.0,37.35,36.55,36.55,36.7,57357.0,21.14
2010-08-25,36.85,37.1,35.3,35.65,35.8,89668.0,32.43
2010-08-26,36.2,36.65,35.85,35.9,36.0,110785.0,40.09
2010-08-27,35.6,36.0,35.05,35.2,35.2,69588.0,24.73
2010-08-30,35.4,36.35,35.4,35.8,35.5,67960.0,24.26
2010-08-31,35.6,35.6,34.0,34.35,34.2,94360.0,32.57
2010-09-01,34.4,35.4,34.4,35.0,35.0,97126.0,33.94
2010-09-02,35.5,35.5,34.95,34.95,35.0,60048.0,21.12
2010-09-03,35.15,35.35,34.6,34.8,34.75,63761.0,22.33
2010-09-06,35.4,35.4,34.9,35.25,35.15,86121.0,30.3
2010-09-07,35.05,36.9,35.05,36.3,36.35,184291.0,66.99
2010-09-08,36.05,36.45,35.7,35.8,35.75,60942.0,21.94
2010-09-09,35.5,36.4,35.25,35.5,35.45,52686.0,18.85
2010-09-13,35.55,37.5,35.55,36.45,36.4,265387.0,97.55
2010-09-14,36.6,36.9,35.5,35.55,35.65,62968.0,22.64
2010-09-15,35.5,36.0,35.25,35.5,35.6,88161.0,31.42
2010-09-16,36.0,36.45,35.15,35.7,35.75,129181.0,46.36
2010-09-17,35.75,36.3,35.55,35.7,35.8,72901.0,26.21
2010-09-20,36.0,37.25,35.9,36.5,36.55,146370.0,53.66
2010-09-21,36.75,36.8,36.0,36.05,36.15,67033.0,24.3
2010-09-22,36.2,36.2,35.4,35.5,35.55,71680.0,25.58
2010-09-23,35.3,35.95,35.2,35.65,35.6,84321.0,30.0
2010-09-24,35.45,35.7,35.1,35.25,35.2,43782.0,15.5
2010-09-27,35.9,37.25,35.1,36.3,36.45,402724.0,147.29
2010-09-28,36.75,36.75,35.6,36.15,36.3,128415.0,46.44
2010-09-29,36.05,36.6,35.45,35.5,35.55,55777.0,20.11
2010-09-30,35.3,35.8,35.0,35.1,35.1,60832.0,21.43
2010-10-01,35.45,36.1,35.2,35.2,35.4,87865.0,31.26
2010-10-04,35.8,36.0,35.0,35.1,35.05,72739.0,25.71
2010-10-05,35.0,35.8,35.0,35.25,35.3,51750.0,18.29
2010-10-06,35.6,35.75,35.1,35.45,35.35,71801.0,25.41
2010-10-07,35.4,35.7,34.9,35.0,35.05,73700.0,26.06
2010-10-08,35.45,35.45,34.5,34.6,34.6,44733.0,15.58
2010-10-11,34.7,34.95,34.4,34.4,34.45,53278.0,18.45
2010-10-12,34.75,34.75,33.75,33.8,33.8,83910.0,28.61
2010-10-13,34.2,34.8,33.9,34.0,34.0,54925.0,18.78
2010-10-14,34.3,34.35,33.7,33.8,33.8,59794.0,20.33
2010-10-15,34.2,34.45,33.0,33.25,33.2,64344.0,21.58
2010-10-18,33.3,33.7,32.8,32.95,33.0,49136.0,16.22
2010-10-19,32.75,33.9,32.55,33.25,33.2,85159.0,28.44
2010-10-20,33.4,33.5,33.0,33.0,33.05,37862.0,12.58
2010-10-21,33.0,33.4,32.9,33.0,33.0,26838.0,8.88
2010-10-22,33.2,37.2,33.1,35.75,35.75,1229268.0,443.9
2010-10-25,36.2,37.4,35.6,36.35,36.25,490605.0,180.23
2010-10-26,36.5,36.6,35.2,35.3,35.35,84542.0,30.3
2010-10-27,35.0,35.45,34.5,34.7,34.9,91898.0,32.1
2010-10-28,35.0,35.3,33.75,33.85,34.0,76364.0,26.22
2010-10-29,34.3,35.0,33.25,34.0,34.1,66065.0,22.38
2010-11-01,34.5,34.85,34.1,34.35,34.5,44019.0,15.18
2010-11-02,34.25,34.45,33.6,33.6,33.9,40550.0,13.8
2010-11-03,34.5,34.5,33.7,33.75,33.85,41578.0,14.12
2010-11-04,34.0,34.5,33.5,34.0,34.05,51358.0,17.51
2010-11-05,35.0,35.0,34.2,34.25,34.45,14304.0,4.94
2010-11-08,34.4,35.15,33.6,34.8,34.65,119043.0,41.43
2010-11-09,34.95,35.5,34.6,34.7,34.9,103472.0,36.34
2010-11-10,35.05,37.45,35.0,36.6,36.55,473060.0,172.69
2010-11-11,36.8,37.85,36.2,36.35,36.3,207220.0,76.49
2010-11-12,36.2,36.7,35.0,35.1,35.1,91668.0,32.59
2010-11-15,35.1,38.7,35.1,38.1,38.1,895016.0,335.36
2010-11-16,38.0,38.45,35.6,35.65,35.75,307912.0,112.72
2010-11-18,36.0,36.5,34.65,35.45,35.3,128608.0,45.64
2010-11-19,35.55,35.6,34.2,34.35,34.6,85076.0,29.86
2010-11-22,34.8,37.05,34.5,36.1,36.0,240600.0,86.98
2010-11-23,35.9,36.35,34.5,34.7,34.7,85870.0,30.28
2010-11-24,34.7,35.8,34.2,34.2,34.4,95407.0,33.36
2010-11-25,34.9,35.3,33.85,34.1,34.25,90981.0,31.49
2010-11-26,34.6,34.6,31.1,31.75,31.6,98868.0,31.66
2010-11-29,31.7,33.2,31.05,32.3,32.6,106077.0,34.29
2010-11-30,32.6,32.6,31.2,32.5,32.1,48418.0,15.56
2010-12-01,32.0,34.1,31.8,32.9,33.05,172568.0,57.61
2010-12-02,33.85,33.9,32.8,32.9,32.9,48483.0,16.15
2010-12-03,32.7,32.95,30.9,30.95,31.1,79381.0,25.08
2010-12-06,31.4,32.0,30.55,30.6,30.65,44149.0,13.78
2010-12-07,31.0,31.3,30.2,30.8,30.6,89102.0,27.33
2010-12-08,30.95,31.6,29.45,30.6,30.55,156487.0,47.32
2010-12-09,31.25,31.25,28.8,29.0,29.05,96683.0,28.73
2010-12-10,29.25,30.0,27.05,29.0,29.2,75272.0,21.78
2010-12-13,29.25,30.15,29.0,29.45,29.35,42256.0,12.44
2010-12-14,29.5,29.9,29.3,29.7,29.7,27678.0,8.22
2010-12-15,29.0,30.0,29.0,29.2,29.05,34191.0,10.05
2010-12-16,29.25,29.45,28.6,29.0,28.95,19517.0,5.66
2010-12-20,29.0,29.65,28.6,29.1,29.15,42553.0,12.45
2010-12-21,29.25,29.3,28.75,28.85,28.95,14558.0,4.21
2010-12-22,29.05,29.6,29.0,29.25,29.25,38825.0,11.38
2010-12-23,29.05,29.5,28.8,28.8,28.95,30120.0,8.73
2010-12-24,29.25,29.35,28.55,29.2,29.05,20881.0,6.07
2010-12-27,29.05,29.45,28.1,28.6,28.65,42904.0,12.46
2010-12-28,29.1,29.1,28.6,29.1,28.95,11208.0,3.23
2010-12-29,28.75,29.0,28.5,28.5,28.8,52461.0,15.17
2010-12-30,28.65,31.0,28.65,29.8,29.8,419898.0,127.4
2010-12-31,30.8,30.85,29.9,30.0,30.05,114397.0,34.65
2011-01-03,30.05,30.65,30.05,30.15,30.25,61889.0,18.84
2011-01-04,30.4,30.55,29.65,29.95,29.9,50336.0,15.13
2011-01-05,30.0,31.2,29.75,29.95,30.0,131592.0,40.08
2011-01-06,30.2,30.4,29.55,29.55,29.65,22538.0,6.74
2011-01-07,29.6,30.4,28.8,29.0,29.0,34029.0,9.96
2011-01-10,28.25,29.75,27.5,27.85,27.9,49768.0,14.05
2011-01-11,28.4,28.5,27.55,27.65,27.65,33036.0,9.24
2011-01-12,27.65,28.0,27.3,27.85,27.75,36788.0,10.16
2011-01-13,27.7,28.85,27.7,28.2,28.25,118773.0,33.92
2011-01-14,28.0,28.45,27.55,27.9,27.7,14196.0,3.96
2011-01-17,27.0,28.15,27.0,27.6,27.6,16107.0,4.47
2011-01-18,27.7,28.0,27.25,28.0,27.7,15963.0,4.42
2011-01-19,27.7,28.35,27.6,27.6,27.85,10673.0,2.96
2011-01-20,27.6,27.6,27.2,27.3,27.3,11818.0,3.24
2011-01-21,27.2,27.85,27.05,27.4,27.3,23856.0,6.51
2011-01-24,27.75,27.9,27.25,27.5,27.35,13664.0,3.75
2011-01-25,27.9,27.9,27.0,27.35,27.2,20534.0,5.6
2011-01-27,27.4,27.5,26.95,27.1,27.0,16021.0,4.34
2011-01-28,27.35,28.0,25.85,26.35,26.45,69590.0,18.62
2011-01-31,26.0,26.8,26.0,26.2,26.15,45431.0,11.89
2011-02-01,26.1,26.35,25.6,26.1,26.0,24260.0,6.32
2011-02-02,26.3,26.35,25.9,26.0,25.9,13723.0,3.58
2011-02-03,26.3,27.0,25.7,26.5,26.45,26836.0,7.05
2011-02-04,26.6,26.6,25.6,25.6,25.6,21655.0,5.6
2011-02-07,25.65,26.0,25.55,25.55,25.6,25094.0,6.45
2011-02-08,25.25,25.7,24.1,25.0,24.8,27118.0,6.74
2011-02-09,24.55,25.2,22.05,23.9,23.2,28980.0,7.07
2011-02-10,23.05,23.2,21.45,22.65,22.7,27884.0,6.25
2011-02-11,22.3,23.05,21.75,22.75,22.6,26256.0,5.84
2011-02-14,22.8,24.25,22.15,24.25,23.9,43798.0,10.23
2011-02-15,24.3,25.7,23.5,25.2,25.05,41982.0,10.47
2011-02-16,24.65,25.65,24.65,25.1,25.25,26624.0,6.7
2011-02-17,24.3,25.6,24.3,25.35,25.2,9789.0,2.46
2011-02-18,25.0,25.8,24.05,24.45,24.4,32533.0,7.99
2011-02-21,24.05,24.65,23.0,24.1,24.2,10062.0,2.43
2011-02-22,24.25,24.6,23.65,24.0,23.85,12518.0,3.03
2011-02-23,23.5,24.2,23.25,23.75,23.8,15908.0,3.79
2011-02-24,23.55,23.9,22.8,22.9,22.9,27647.0,6.4
2011-02-25,22.9,23.4,22.05,22.5,22.65,13596.0,3.09
2011-02-28,22.55,23.4,22.55,22.9,22.95,18486.0,4.28
2011-03-01,22.95,24.0,22.5,23.0,23.1,10616.0,2.48
2011-03-03,23.0,23.6,22.1,23.0,23.25,21537.0,4.94
2011-03-04,23.25,24.8,23.05,24.0,24.05,45600.0,10.94
2011-03-07,23.55,24.5,23.4,24.25,24.05,25195.0,6.05
2011-03-08,23.55,24.8,23.55,24.8,24.45,28233.0,6.85
2011-03-09,24.5,25.25,24.0,24.0,24.05,28613.0,6.95
2011-03-10,23.85,24.15,23.35,23.6,23.75,7534.0,1.8
2011-03-11,24.0,24.2,23.35,23.95,23.7,10773.0,2.55
2011-03-14,23.5,24.0,23.3,23.3,23.65,8118.0,1.92
2011-03-15,22.8,23.6,22.8,22.8,23.05,10717.0,2.47
2011-03-16,23.1,24.75,23.1,24.2,24.05,46460.0,11.21
2011-03-17,23.65,24.4,23.6,24.0,23.7,12833.0,3.08
2011-03-18,23.4,24.2,23.1,23.15,23.2,8736.0,2.05
2011-03-21,23.15,24.15,23.1,23.15,23.45,13559.0,3.19
2011-03-22,23.1,23.75,23.1,23.15,23.15,8371.0,1.95
2011-03-23,23.15,23.65,23.1,23.15,23.15,5797.0,1.35
2011-03-24,23.5,23.5,23.15,23.45,23.4,16545.0,3.86
2011-03-25,23.05,23.95,23.05,23.9,23.85,31204.0,7.36
2011-03-28,23.15,23.75,23.15,23.25,23.3,34351.0,8.01
2011-03-29,23.3,23.6,22.95,23.0,23.0,18046.0,4.18
2011-03-30,22.55,23.8,22.55,23.3,23.5,59594.0,13.86
2011-03-31,23.3,24.5,22.9,23.25,23.1,53958.0,12.64
2011-04-01,23.1,23.7,23.0,23.35,23.5,10861.0,2.54
2011-04-04,24.2,24.9,23.35,24.3,24.4,45960.0,11.12
2011-04-05,24.5,24.8,24.15,24.6,24.5,16848.0,4.13
2011-04-06,24.8,27.6,24.7,25.95,26.0,176286.0,46.19
2011-04-07,26.1,27.0,26.0,26.0,26.1,62480.0,16.51
2011-04-08,26.5,26.5,24.6,25.0,24.75,21798.0,5.51
2011-04-11,25.0,25.0,24.15,24.8,24.7,6877.0,1.69
2011-04-13,23.55,24.6,23.5,24.55,24.5,13717.0,3.33
2011-04-15,27.9,27.9,24.3,24.4,24.55,3827.0,0.94
2011-04-18,24.1,24.85,23.95,24.05,24.1,9910.0,2.42
2011-04-19,24.05,24.4,23.7,24.0,23.95,8812.0,2.12
2011-04-20,24.05,24.45,23.95,24.45,24.1,8457.0,2.04
2011-04-21,24.05,24.75,23.75,23.85,23.95,8012.0,1.93
2011-04-25,24.0,24.3,23.75,24.2,24.15,14267.0,3.44
2011-04-26,23.25,24.25,23.25,24.2,23.8,13570.0,3.22
2011-04-27,23.65,24.2,23.65,23.95,23.8,8230.0,1.97
2011-04-28,23.7,24.15,23.35,23.75,23.45,13438.0,3.2
2011-04-29,23.45,23.95,23.4,23.8,23.75,11846.0,2.82
2011-05-02,23.4,24.4,23.15,23.3,23.3,11331.0,2.66
2011-05-03,22.95,23.7,22.95,23.1,23.0,21010.0,4.84
2011-05-04,22.55,22.95,22.25,22.5,22.65,12217.0,2.78
2011-05-05,22.05,22.95,22.05,22.25,22.3,6403.0,1.44
2011-05-06,22.15,23.2,22.1,22.3,22.25,11099.0,2.49
2011-05-09,22.4,23.5,22.15,22.15,22.3,23398.0,5.36
2011-05-10,22.2,22.5,22.2,22.25,22.3,8745.0,1.95
2011-05-11,21.85,22.45,21.85,22.1,22.2,5477.0,1.22
2011-05-12,22.5,22.5,21.6,22.05,21.8,13828.0,3.03
2011-05-13,21.6,22.4,21.6,21.9,21.9,8341.0,1.83
2011-05-16,21.9,22.05,20.9,21.0,20.95,21612.0,4.56
2011-05-17,20.85,21.55,20.85,21.2,21.2,13168.0,2.79
2011-05-18,20.5,21.45,20.5,20.95,21.15,9641.0,2.04
2011-05-19,21.1,21.3,20.6,21.3,21.0,6485.0,1.36
2011-05-20,20.1,21.4,20.1,20.8,20.8,3468.0,0.72
2011-05-23,20.0,20.6,20.0,20.35,20.3,10306.0,2.1
2011-05-24,21.6,21.6,20.3,20.55,20.6,8009.0,1.66
2011-05-25,20.3,20.95,20.3,20.75,20.65,6850.0,1.42
2011-05-26,20.5,20.7,20.15,20.7,20.65,40769.0,8.41
2011-05-27,20.25,20.85,20.25,20.5,20.55,12067.0,2.49
2011-05-30,20.45,21.1,20.45,20.95,20.9,8962.0,1.87
2011-05-31,20.7,21.4,20.65,21.4,21.2,11124.0,2.33
2011-06-01,21.3,23.0,20.5,21.85,22.0,77124.0,17.15
2011-06-02,21.75,22.1,21.2,21.7,21.75,9772.0,2.13
2011-06-03,21.8,23.75,21.5,22.5,22.5,302890.0,69.37
2011-06-06,22.25,22.75,21.7,22.25,22.3,33296.0,7.46
2011-06-07,22.1,22.5,21.5,21.65,21.75,17349.0,3.78
2011-06-08,21.4,22.0,21.4,21.45,21.5,10762.0,2.33
2011-06-09,21.5,21.85,21.45,21.45,21.65,9114.0,1.98
2011-06-10,21.4,22.3,21.4,21.6,21.6,15882.0,3.46
2011-06-13,21.55,21.9,21.05,21.1,21.25,16430.0,3.51
2011-06-14,21.75,22.0,21.25,21.7,21.8,9636.0,2.08
2011-06-15,21.75,21.75,20.9,21.15,21.35,4677.0,1.0
2011-06-16,20.15,21.4,20.15,21.05,21.0,7927.0,1.66
2011-06-17,21.1,21.1,20.65,21.0,20.9,13599.0,2.84
2011-06-20,20.15,24.0,19.9,20.0,20.05,48356.0,9.82
2011-06-21,19.4,20.35,19.4,19.6,19.8,15786.0,3.15
2011-06-22,19.45,19.95,19.25,19.35,19.35,9365.0,1.82
2011-06-23,18.9,19.45,18.9,19.05,19.05,32406.0,6.2
2011-06-24,19.05,19.75,19.05,19.4,19.5,26909.0,5.21
2011-06-27,19.0,20.15,19.0,19.8,19.85,7372.0,1.46
2011-06-28,19.25,20.35,19.25,19.8,20.0,32959.0,6.56
2011-06-29,19.85,20.55,19.8,20.15,20.2,30374.0,6.16
2011-06-30,20.0,20.25,19.7,20.25,20.1,9561.0,1.92
2011-07-01,19.65,20.4,19.65,20.0,20.0,4783.0,0.97
2011-07-04,20.25,20.35,19.8,19.8,19.85,6488.0,1.3
2011-07-05,20.0,20.2,19.85,19.95,20.0,9118.0,1.82
2011-07-06,19.7,20.35,19.7,19.8,20.05,13457.0,2.69
2011-07-07,20.05,20.7,20.05,20.2,20.25,13000.0,2.65
2011-07-08,20.15,20.4,20.1,20.1,20.1,8321.0,1.68
2011-07-11,19.65,20.5,19.65,19.9,19.9,3655.0,0.74
2011-07-12,19.9,20.1,19.7,20.0,19.75,2182.0,0.43
2011-07-13,20.05,20.4,19.8,20.4,20.15,21699.0,4.37
2011-07-14,20.0,22.15,20.0,20.55,20.65,101119.0,21.15
2011-07-15,20.7,20.7,19.9,20.05,20.1,29023.0,5.85
2011-07-18,20.45,20.45,20.05,20.1,20.15,7470.0,1.51
2011-07-19,20.0,20.3,19.9,19.9,20.0,15970.0,3.2
2011-07-20,19.25,20.15,19.25,19.85,19.85,5430.0,1.08
2011-07-21,23.0,23.0,19.35,20.15,20.15,96098.0,19.23
2011-07-22,21.9,21.9,19.75,20.3,20.15,20204.0,4.08
2011-07-25,19.85,21.9,19.85,21.8,21.7,81414.0,17.41
2011-07-26,21.35,22.0,21.05,21.05,21.4,47206.0,10.24
2011-07-27,20.65,23.5,20.5,23.05,23.1,114753.0,26.07
2011-07-28,23.45,23.45,21.85,21.85,22.05,24989.0,5.67
2011-07-29,21.6,22.4,21.6,21.95,21.7,9890.0,2.18
2011-08-01,21.6,22.0,21.0,21.55,21.6,9893.0,2.11
2011-08-02,20.9,21.4,20.5,20.9,20.95,16830.0,3.54
2011-08-03,21.0,21.0,20.15,20.75,20.7,5742.0,1.18
2011-08-04,21.25,21.25,20.1,20.45,20.25,18503.0,3.78
2011-08-05,19.55,20.0,18.8,19.3,19.4,42892.0,8.26
2011-08-08,18.8,18.8,18.15,18.8,18.65,20618.0,3.81
2011-08-09,18.2,18.75,17.85,18.3,18.5,15845.0,2.92
2011-08-10,18.0,19.25,18.0,19.1,19.0,4935.0,0.93
2011-08-11,18.8,19.05,18.15,18.35,18.5,9740.0,1.82
2011-08-12,19.0,19.1,18.55,18.6,18.6,3615.0,0.68
2011-08-16,18.55,18.65,17.2,17.6,17.6,9790.0,1.76
2011-08-17,17.0,18.45,17.0,18.0,18.1,8966.0,1.58
2011-08-18,17.4,17.75,17.2,17.65,17.6,5453.0,0.95
2011-08-19,16.8,17.35,16.5,17.1,17.1,66851.0,11.41
2011-08-22,16.5,17.75,16.4,17.15,17.25,7853.0,1.35
2011-08-23,16.8,17.5,16.8,17.05,17.15,71975.0,12.4
2011-08-24,17.0,19.0,17.0,17.5,17.4,5197.0,0.91
2011-08-25,17.5,17.5,16.8,17.1,17.0,6344.0,1.09
2011-08-26,17.25,17.75,16.9,16.9,16.9,6768.0,1.17
2011-08-29,17.0,17.5,16.1,17.5,17.3,8340.0,1.43
2011-08-30,17.25,17.7,17.0,17.6,17.3,5414.0,0.93
2011-09-02,17.5,17.7,16.8,17.45,17.25,7697.0,1.34
2011-09-05,17.0,17.85,16.8,17.25,17.4,12920.0,2.23
2011-09-06,17.1,17.8,17.05,17.15,17.3,2690.0,0.47
2011-09-07,17.5,18.8,17.25,18.65,18.55,8817.0,1.57
2011-09-08,18.7,20.0,18.0,19.5,19.7,62418.0,11.78
2011-09-09,20.0,20.5,18.4,19.75,19.75,36998.0,7.33
2011-09-12,19.75,19.75,18.65,19.15,19.25,7221.0,1.39
2011-09-13,18.0,20.75,18.0,19.0,18.95,3869.0,0.74
2011-09-14,18.15,19.2,18.15,19.2,19.0,2696.0,0.51
2011-09-15,18.75,20.0,18.7,19.25,19.5,12331.0,2.4
2011-09-16,19.2,19.25,18.55,18.55,18.8,8397.0,1.59
2011-09-19,18.75,19.6,18.35,19.15,19.05,2595.0,0.49
2011-09-20,18.8,19.2,18.65,18.7,18.8,4308.0,0.81
2011-09-21,19.0,20.7,19.0,20.25,19.55,15654.0,3.01
2011-09-22,19.0,19.8,18.7,18.7,18.85,17206.0,3.33
2011-09-23,18.0,19.5,18.0,19.5,19.15,14663.0,2.77
2011-09-26,18.35,19.15,18.35,18.65,18.65,5060.0,0.95
2011-09-27,18.75,19.1,18.5,18.5,18.6,6932.0,1.3
2011-09-28,18.75,19.1,18.2,18.3,18.45,4524.0,0.84
2011-09-29,18.0,18.25,17.65,17.85,17.9,6798.0,1.22
2011-09-30,17.6,18.2,17.45,17.45,17.5,7109.0,1.25
2011-10-03,17.25,17.8,17.05,17.1,17.1,3168.0,0.55
2011-10-04,17.4,17.85,17.0,17.75,17.5,17193.0,3.0
2011-10-05,17.0,17.65,17.0,17.15,17.15,7687.0,1.34
2011-10-07,17.4,17.95,17.3,17.3,17.3,2275.0,0.4
2011-10-10,17.0,18.25,17.0,18.2,17.95,16052.0,2.84
2011-10-11,18.25,18.25,17.55,17.8,17.8,7560.0,1.36
2011-10-12,17.8,18.3,17.5,18.0,18.15,2984.0,0.53
2011-10-13,17.5,19.0,17.5,18.7,18.55,5693.0,1.04
2011-10-14,18.75,18.75,17.75,18.4,18.15,8738.0,1.59
2011-10-17,17.8,18.2,17.6,18.2,17.9,5268.0,0.95
2011-10-18,17.75,17.85,17.3,17.3,17.35,4601.0,0.81
2011-10-19,17.3,18.25,17.3,17.5,17.55,2195.0,0.39
2011-10-20,18.95,18.95,16.8,17.4,17.4,1300.0,0.23
2011-10-21,17.0,18.0,17.0,17.2,17.25,5072.0,0.88
2011-10-24,17.25,17.95,16.4,16.4,16.75,8680.0,1.47
2011-10-25,16.0,17.0,16.0,16.95,16.75,6649.0,1.11
2011-10-26,17.8,17.9,17.2,17.25,17.3,4657.0,0.82
2011-10-28,17.15,17.85,17.0,17.25,17.25,4780.0,0.83
2011-10-31,17.3,18.5,17.3,18.5,18.3,16431.0,2.96
2011-11-01,17.45,18.4,17.45,18.0,18.0,5563.0,1.0
2011-11-02,17.3,18.35,17.3,18.0,18.0,2842.0,0.51
2011-11-03,16.0,18.65,16.0,18.3,18.1,3672.0,0.65
2011-11-04,17.6,18.25,17.6,17.6,17.75,3201.0,0.57
2011-11-08,17.3,19.9,17.3,18.6,18.8,69038.0,13.27
2011-11-09,18.0,18.9,18.0,18.8,18.65,7507.0,1.4
2011-11-11,18.15,19.15,17.8,17.8,17.85,8369.0,1.52
2011-11-14,17.6,17.95,17.6,17.75,17.75,5023.0,0.89
2011-11-15,17.6,17.8,17.1,17.45,17.15,2378.0,0.41
2011-11-16,17.45,17.45,16.4,16.9,17.0,13780.0,2.31
2011-11-17,16.3,17.0,16.3,16.65,16.75,9059.0,1.52
2011-11-18,16.15,16.9,16.0,16.1,16.25,8439.0,1.37
2011-11-21,16.15,16.3,15.8,15.8,16.0,5774.0,0.93
2011-11-22,15.5,16.35,15.5,16.15,16.1,3384.0,0.54
2011-11-23,16.0,16.2,15.5,15.95,15.6,9359.0,1.48
2011-11-24,15.2,15.95,15.2,15.45,15.45,2311.0,0.36
2011-11-25,15.85,18.0,15.2,17.0,17.0,16282.0,2.79
2011-11-28,17.5,18.05,16.75,17.8,17.4,6396.0,1.14
2011-11-29,16.65,17.2,16.5,16.9,16.6,4698.0,0.79
2011-11-30,16.25,17.45,16.25,16.5,16.5,21802.0,3.61
2011-12-01,16.5,18.9,16.3,18.15,18.25,50678.0,9.13
2011-12-02,17.6,19.1,17.35,18.0,18.1,41195.0,7.51
2011-12-05,18.1,18.35,17.7,17.8,17.8,3838.0,0.69
2011-12-07,17.6,18.0,17.55,17.7,17.9,5910.0,1.05
2011-12-08,17.65,18.4,17.6,18.0,17.8,3560.0,0.63
2011-12-09,17.0,18.5,16.55,18.45,18.0,3168.0,0.55
2011-12-12,17.45,18.05,17.25,17.3,17.45,2746.0,0.48
2011-12-13,17.0,17.8,17.0,17.6,17.5,3741.0,0.65
2011-12-14,17.35,17.75,17.0,17.0,17.0,3085.0,0.53
2011-12-15,16.3,17.0,15.65,16.45,16.15,6228.0,1.02
2011-12-16,16.5,16.9,16.0,16.0,16.05,3400.0,0.55
2011-12-19,15.65,16.05,15.65,16.0,15.7,7199.0,1.13
2011-12-20,15.3,16.6,14.55,15.3,15.0,17682.0,2.67
2011-12-21,14.05,15.3,14.05,14.8,14.8,7600.0,1.13
2011-12-22,14.05,15.45,14.0,14.6,14.7,2751.0,0.41
2011-12-23,15.45,15.45,14.65,14.8,14.75,1696.0,0.25
2011-12-26,15.5,15.55,14.95,15.5,15.2,7302.0,1.12
2011-12-27,15.0,15.5,14.3,15.0,15.0,2421.0,0.36
2011-12-28,14.55,15.4,14.55,14.7,14.7,1892.0,0.28
2011-12-29,14.3,15.0,14.05,14.9,14.9,1918.0,0.28
2011-12-30,14.2,15.3,14.2,14.95,15.2,13010.0,1.97
2012-01-02,14.7,15.35,14.7,15.3,15.3,2014.0,0.3
2012-01-03,15.0,15.6,14.75,14.95,14.95,6400.0,0.96
2012-01-04,15.0,15.4,14.25,14.95,15.05,3032.0,0.45
2012-01-05,14.5,15.75,14.0,14.9,15.1,4871.0,0.73
2012-01-06,14.5,15.15,14.0,15.05,15.05,2403.0,0.36
2012-01-07,14.8,15.8,14.6,15.7,15.0,652.0,0.1
2012-01-09,14.9,15.65,14.8,15.65,15.45,12754.0,1.95
2012-01-10,15.0,16.95,15.0,15.65,15.6,5610.0,0.87
2012-01-11,15.75,16.65,15.55,16.2,15.9,8920.0,1.44
2012-01-12,16.75,16.8,16.1,16.5,16.35,4546.0,0.75
2012-01-13,16.0,16.95,16.0,16.4,16.55,14435.0,2.38
2012-01-16,16.6,16.6,16.0,16.3,16.35,2375.0,0.39
2012-01-17,16.0,17.6,16.0,16.95,17.2,12851.0,2.21
2012-01-18,16.9,17.6,16.55,16.9,17.0,5196.0,0.9
2012-01-19,16.5,18.4,16.1,18.0,18.1,11454.0,2.03
2012-01-20,17.5,18.0,17.15,17.5,17.65,3393.0,0.6
2012-01-23,19.4,19.4,17.0,17.25,17.1,7563.0,1.3
2012-01-24,17.5,17.9,17.0,17.75,17.7,6795.0,1.17
2012-01-25,17.0,17.65,16.9,16.9,17.1,13779.0,2.36
2012-01-27,16.9,17.55,16.25,16.65,16.85,8469.0,1.43
2012-01-30,17.0,17.4,16.6,17.0,17.0,5106.0,0.87
2012-01-31,17.35,17.35,16.9,17.2,17.0,4278.0,0.73
2012-02-01,16.5,17.5,16.1,17.4,17.35,4872.0,0.83
2012-02-02,17.0,17.6,17.0,17.6,17.5,3552.0,0.62
2012-02-03,17.1,17.55,16.85,17.25,17.15,7032.0,1.21
2012-02-06,17.35,17.9,17.15,17.85,17.75,8631.0,1.52
2012-02-07,18.9,18.9,17.15,17.25,17.25,4261.0,0.74
2012-02-08,17.5,17.65,17.05,17.15,17.15,4444.0,0.77
2012-02-09,17.3,18.1,17.25,18.0,18.0,30830.0,5.5
2012-02-10,17.65,18.3,17.5,18.15,18.0,6796.0,1.23
2012-02-13,19.9,19.9,17.2,17.95,17.75,3983.0,0.71
2012-02-14,17.5,17.95,17.5,17.55,17.55,2971.0,0.53
2012-02-15,17.35,18.2,17.35,17.7,17.95,9336.0,1.67
2012-02-16,17.8,18.9,17.15,18.5,18.6,22397.0,4.07
2012-02-17,18.5,20.4,17.05,19.7,19.55,49453.0,9.64
2012-02-21,20.5,21.0,19.5,19.7,19.6,17955.0,3.59
2012-02-22,19.3,19.95,18.7,18.9,18.85,11394.0,2.2
2012-02-23,18.7,18.7,17.1,17.5,17.4,18629.0,3.28
2012-02-24,18.0,18.3,17.35,18.2,17.8,5303.0,0.94
2012-02-27,17.7,17.9,17.0,17.05,17.2,5226.0,0.9
2012-02-28,17.05,17.65,17.05,17.5,17.4,6017.0,1.04
2012-02-29,17.3,18.0,17.1,17.35,17.35,3341.0,0.58
2012-03-01,17.0,17.95,17.0,17.4,17.35,2543.0,0.44
2012-03-02,17.05,17.8,17.05,17.3,17.25,2938.0,0.51
2012-03-03,17.0,17.15,16.6,17.1,17.1,338.0,0.06
2012-03-05,17.7,17.7,16.75,16.9,17.0,11024.0,1.9
2012-03-06,17.0,17.6,16.75,16.8,16.9,3974.0,0.68
2012-03-07,16.5,16.8,16.2,16.8,16.75,5474.0,0.9
2012-03-09,16.5,17.05,16.2,16.8,16.55,12148.0,2.04
2012-03-12,17.3,17.3,16.45,16.5,16.5,36574.0,6.05
2012-03-13,16.2,16.95,16.15,16.4,16.5,6562.0,1.08
2012-03-14,16.3,17.45,16.3,16.75,16.45,6492.0,1.08
2012-03-15,16.15,16.95,16.0,16.9,16.55,2630.0,0.43
2012-03-16,16.1,16.35,16.1,16.1,16.15,3773.0,0.61
2012-03-19,16.0,16.8,15.3,15.5,15.55,7129.0,1.11
2012-03-20,15.0,16.9,14.55,15.3,15.3,6541.0,1.0
2012-03-21,15.05,15.9,15.05,15.9,15.8,4115.0,0.64
2012-03-22,15.05,16.25,15.05,15.45,15.35,8774.0,1.35
2012-03-23,15.0,16.0,15.0,15.6,15.25,5720.0,0.88
2012-03-26,15.1,15.15,14.65,14.65,14.65,5483.0,0.82
2012-03-27,15.95,15.95,14.65,15.0,15.0,13471.0,2.0
2012-03-28,14.8,15.25,14.35,14.9,14.8,9162.0,1.37
2012-03-29,14.8,15.6,14.65,15.0,14.9,6893.0,1.02
2012-03-30,15.0,16.9,14.95,16.5,16.2,16732.0,2.68
2012-04-02,16.0,16.3,15.3,16.25,16.1,1913.0,0.31
2012-04-03,15.9,16.45,15.3,15.3,15.4,5515.0,0.85
2012-04-04,15.35,16.0,15.3,15.85,15.7,2785.0,0.44
2012-04-09,15.5,16.3,14.6,15.75,15.65,4407.0,0.69
2012-04-10,16.6,16.6,15.4,15.7,15.65,1461.0,0.23
2012-04-11,15.95,15.95,15.3,15.5,15.5,3805.0,0.59
2012-04-12,15.35,16.25,15.0,15.5,15.65,4986.0,0.78
2012-04-13,15.4,15.95,15.4,15.7,15.55,1080.0,0.17
2012-04-16,15.35,15.7,15.0,15.25,15.25,397.0,0.06
2012-04-17,15.0,15.3,15.0,15.25,15.25,718.0,0.11
2012-04-18,15.75,15.8,15.25,15.5,15.45,3695.0,0.57
2012-04-19,15.75,15.9,13.55,14.85,14.85,21520.0,3.17
2012-04-20,14.7,15.4,14.5,14.5,14.75,2367.0,0.35
2012-04-23,14.55,15.45,14.1,14.4,14.5,8531.0,1.25
2012-04-24,14.0,15.0,13.5,14.0,13.85,6097.0,0.84
2012-04-25,13.5,14.45,13.5,13.8,13.8,678.0,0.09
2012-04-26,15.0,15.1,13.6,13.6,13.65,5362.0,0.75
2012-04-27,13.4,13.7,13.2,13.7,13.7,1296.0,0.18
2012-04-30,13.8,14.4,13.75,13.75,13.75,3894.0,0.54
2012-05-02,15.0,15.0,13.9,14.85,14.7,1461.0,0.21
2012-05-03,14.5,14.5,13.7,14.45,14.4,3293.0,0.46
2012-05-04,14.0,14.5,13.75,13.8,13.8,4804.0,0.67
2012-05-07,13.75,14.5,13.45,13.75,14.05,5721.0,0.78
2012-05-08,13.85,14.3,13.85,13.85,13.95,67.0,0.01
2012-05-09,13.8,14.2,13.05,13.9,13.3,9194.0,1.22
2012-05-10,13.0,13.9,13.0,13.5,13.4,1737.0,0.23
2012-05-11,14.35,14.35,12.25,13.05,12.95,7147.0,0.93
2012-05-14,13.0,13.1,12.65,12.65,12.8,3450.0,0.44
2012-05-15,12.7,15.0,12.7,14.65,14.5,25549.0,3.67
2012-05-16,14.5,14.5,13.45,13.6,13.95,3681.0,0.51
2012-05-17,13.4,14.0,13.4,13.65,13.65,3711.0,0.51
2012-05-18,13.25,14.1,13.05,13.2,13.35,8411.0,1.12
2012-05-21,13.45,13.85,13.15,13.2,13.2,2828.0,0.38
2012-05-22,13.3,13.45,13.2,13.3,13.3,1964.0,0.26
2012-05-23,13.45,13.75,13.0,13.5,13.5,1043.0,0.14
2012-05-24,13.55,13.75,12.65,13.0,12.9,6032.0,0.78
2012-05-25,12.8,13.45,12.55,12.95,12.85,11909.0,1.53
2012-05-28,12.8,13.35,12.7,12.8,12.8,1208.0,0.16
2012-05-29,13.35,13.35,12.6,13.0,12.95,6225.0,0.8
2012-05-30,12.7,13.3,12.55,12.7,12.7,994.0,0.13
2012-05-31,12.7,13.15,12.2,12.4,12.5,1675.0,0.21
2012-06-01,13.0,13.0,12.3,12.3,12.35,774.0,0.1
2012-06-04,12.9,12.9,11.2,11.35,11.35,38869.0,4.5
2012-06-05,11.35,11.4,11.05,11.05,11.2,12009.0,1.35
2012-06-06,11.45,11.55,11.2,11.55,11.55,5684.0,0.65
2012-06-07,11.5,11.8,11.25,11.5,11.4,24659.0,2.8
2012-06-08,11.5,11.75,11.15,11.7,11.7,13608.0,1.56
2012-06-11,11.95,11.95,11.45,11.45,11.45,2491.0,0.29
2012-06-12,11.45,11.9,11.35,11.6,11.5,1776.0,0.2
2012-06-13,11.7,11.9,11.25,11.65,11.6,6417.0,0.73
2012-06-14,11.5,11.75,11.3,11.3,11.3,2921.0,0.33
2012-06-15,12.5,12.5,11.3,11.75,11.5,2706.0,0.31
2012-06-18,11.55,11.75,11.35,11.4,11.5,2526.0,0.29
2012-06-19,11.55,13.55,11.05,13.3,13.25,40944.0,5.31
2012-06-20,13.95,14.5,12.85,13.1,13.2,10217.0,1.39
2012-06-21,13.0,13.0,12.55,12.55,12.55,1887.0,0.24
2012-06-22,12.3,12.9,12.1,12.85,12.8,1237.0,0.15
2012-06-25,12.7,13.35,12.2,13.2,13.05,3404.0,0.44
2012-06-26,12.7,13.25,12.3,13.2,12.9,2608.0,0.34
2012-06-27,12.7,13.3,12.1,13.0,12.95,3897.0,0.5
2012-06-28,12.8,13.05,12.2,12.8,12.65,7533.0,0.96
2012-06-29,13.2,15.05,12.3,15.0,14.35,17606.0,2.48
2012-07-02,15.0,15.35,14.65,14.9,15.0,19784.0,2.97
2012-07-03,15.65,17.7,15.55,17.0,16.95,189480.0,32.03
2012-07-04,17.35,17.35,14.35,15.65,15.8,63824.0,10.03
2012-07-05,16.0,16.0,15.2,15.55,15.75,13350.0,2.12
2012-07-06,15.3,15.3,15.0,15.0,15.0,7171.0,1.08
2012-07-09,14.7,15.0,14.25,14.25,14.25,6179.0,0.9
2012-07-10,13.55,14.5,13.55,13.8,13.8,10917.0,1.52
2012-07-11,13.65,14.3,13.2,13.75,13.75,6311.0,0.87
2012-07-12,13.75,13.85,13.25,13.8,13.8,4827.0,0.65
2012-07-13,14.0,14.0,13.3,13.3,13.35,2095.0,0.28
2012-07-16,13.2,13.2,12.7,12.85,12.75,12255.0,1.58
2012-07-17,12.85,13.3,12.65,13.3,12.8,4462.0,0.57
2012-07-18,13.1,13.1,12.3,12.35,12.35,736.0,0.09
2012-07-19,12.55,12.95,12.35,12.95,12.95,4460.0,0.57
2012-07-20,12.75,13.5,12.4,12.45,13.35,1965.0,0.25
2012-07-23,13.6,13.6,12.7,13.2,13.0,4705.0,0.61
2012-07-24,12.35,12.8,12.35,12.35,12.35,13799.0,1.71
2012-07-25,11.9,12.5,11.8,12.3,12.2,1242.0,0.15
2012-07-26,11.8,12.65,11.7,11.7,11.75,6397.0,0.76
2012-07-27,12.3,12.3,11.6,11.7,11.7,6992.0,0.83
2012-07-30,12.25,12.25,12.25,12.25,12.25,1460.0,0.18
2012-07-31,12.0,12.85,11.85,11.85,11.85,936.0,0.11
2012-08-01,11.55,12.4,11.55,12.4,12.4,4818.0,0.59
2012-08-02,12.95,12.95,12.1,12.1,12.1,769.0,0.1
2012-08-03,12.05,12.6,12.0,12.6,12.6,830.0,0.1
2012-08-06,12.15,13.0,12.15,12.2,12.2,2852.0,0.35
2012-08-07,12.0,12.8,12.0,12.3,12.3,1919.0,0.24
2012-08-08,12.1,12.5,12.1,12.4,12.4,456.0,0.06
2012-08-09,12.85,12.85,12.05,12.2,12.2,154.0,0.02
2012-08-10,11.75,12.8,11.75,12.8,12.75,4544.0,0.57
2012-08-13,12.2,12.8,12.2,12.8,12.8,95.0,0.01
2012-08-14,13.3,13.3,12.3,12.35,12.35,663.0,0.08
2012-08-16,12.1,12.1,12.0,12.0,12.0,3727.0,0.45
2012-08-17,12.05,12.6,11.95,12.6,12.55,10291.0,1.27
2012-08-21,12.0,13.0,11.95,12.2,12.45,696.0,0.09
2012-08-22,12.2,12.5,12.0,12.05,12.05,3535.0,0.43
2012-08-23,12.5,12.65,12.05,12.65,12.65,6380.0,0.8
2012-08-24,13.1,13.1,12.05,12.05,12.1,1643.0,0.2
2012-08-27,12.6,12.6,11.8,12.55,11.8,2701.0,0.32
2012-08-28,11.35,12.35,11.35,12.2,11.75,1985.0,0.24
2012-08-29,11.75,12.3,11.6,12.3,11.65,1338.0,0.16
2012-08-30,11.85,12.2,11.75,12.2,12.05,9151.0,1.09
2012-08-31,11.6,12.2,11.5,12.0,12.0,2506.0,0.3
2012-09-03,11.45,11.95,11.4,11.85,11.75,3332.0,0.39
2012-09-04,11.45,12.05,11.45,11.95,11.7,3060.0,0.36
2012-09-05,11.6,11.8,11.5,11.5,11.5,824.0,0.09
2012-09-06,11.0,11.95,11.0,11.95,11.95,3304.0,0.38
2012-09-07,12.4,12.4,11.55,11.75,11.75,1561.0,0.19
2012-09-08,12.35,12.35,11.4,11.6,11.5,2270.0,0.26
2012-09-10,11.6,11.9,11.6,11.9,11.85,1200.0,0.14
2012-09-11,12.05,13.0,11.4,13.0,13.0,23038.0,2.96
2012-09-12,14.05,14.3,13.0,14.3,14.3,35022.0,4.97
2012-09-13,13.55,15.45,13.55,14.5,14.55,26007.0,3.86
2012-09-14,13.55,14.5,13.1,13.1,13.25,8041.0,1.09
2012-09-17,13.05,13.95,12.55,12.55,12.6,8803.0,1.14
2012-09-18,12.65,13.35,12.6,13.0,12.95,1519.0,0.2
2012-09-20,13.0,13.05,12.5,12.5,12.55,7380.0,0.94
2012-09-21,12.95,13.8,12.65,13.5,13.5,10322.0,1.37
2012-09-24,13.0,13.9,12.9,12.95,13.0,8683.0,1.15
2012-09-25,12.65,13.6,12.5,13.6,13.25,1923.0,0.25
2012-09-26,13.5,13.5,12.65,12.75,13.0,4226.0,0.55
2012-09-27,12.65,13.65,12.5,12.55,12.6,9487.0,1.22
2012-09-28,12.0,13.8,12.0,13.5,13.45,10598.0,1.41
2012-10-01,14.35,14.35,12.75,12.85,12.85,4709.0,0.61
2012-10-03,12.45,13.95,12.4,12.9,13.0,10054.0,1.3
2012-10-04,12.8,13.3,12.7,12.95,12.95,17096.0,2.22
2012-10-05,13.2,13.2,12.5,12.95,12.7,2645.0,0.34
2012-10-08,12.6,13.05,12.6,12.7,12.75,6792.0,0.87
2012-10-09,12.8,12.95,12.6,12.6,12.6,2402.0,0.3
2012-10-10,12.05,13.2,12.05,13.05,12.8,2069.0,0.27
2012-10-11,12.7,12.9,12.5,12.9,12.8,2914.0,0.37
2012-10-12,12.95,12.95,12.4,12.5,12.5,3333.0,0.42
2012-10-15,13.5,13.5,12.25,13.25,12.9,52910.0,7.07
2012-10-16,13.5,13.5,12.5,12.9,12.8,3240.0,0.41
2012-10-17,13.3,13.3,12.4,12.8,12.8,6719.0,0.86
2012-10-18,13.45,13.45,12.45,12.8,12.6,3317.0,0.42
2012-10-19,12.5,12.9,12.4,12.55,12.55,3639.0,0.46
2012-10-22,12.45,12.95,12.35,12.95,12.85,746.0,0.09
2012-10-23,12.75,12.75,12.35,12.6,12.4,3211.0,0.4
2012-10-25,12.35,12.8,12.3,12.5,12.5,12171.0,1.52
2012-10-26,12.9,12.9,12.35,12.35,12.45,241.0,0.03
2012-10-29,12.1,12.6,12.1,12.25,12.5,7927.0,0.98
2012-10-30,12.8,13.2,12.4,12.5,12.6,11081.0,1.41
2012-10-31,12.35,12.35,11.75,12.15,12.0,12383.0,1.49
2012-11-01,12.65,12.65,12.0,12.25,12.5,4265.0,0.53
2012-11-02,12.05,12.75,12.05,12.5,12.5,1848.0,0.23
2012-11-05,12.5,12.75,12.4,12.4,12.4,625.0,0.08
2012-11-06,12.05,13.0,12.05,12.5,12.5,10374.0,1.31
2012-11-07,12.05,13.0,12.05,12.65,12.65,5138.0,0.65
2012-11-08,12.1,13.0,12.1,12.5,12.5,3664.0,0.46
2012-11-09,12.45,12.5,12.3,12.5,12.4,3443.0,0.43
2012-11-12,12.2,12.6,12.1,12.2,12.2,2586.0,0.31
2012-11-13,13.75,13.75,12.1,13.15,12.95,9405.0,1.25
2012-11-15,13.55,14.7,13.25,13.95,14.1,49198.0,6.85
2012-11-16,13.85,14.1,13.5,13.5,13.7,15208.0,2.11
2012-11-19,13.5,14.0,12.85,13.95,13.7,7484.0,1.03
2012-11-20,13.5,14.0,13.2,13.2,13.25,6351.0,0.84
2012-11-21,13.15,13.85,13.15,13.25,13.45,3282.0,0.44
2012-11-22,13.2,13.3,13.15,13.25,13.25,3050.0,0.4
2012-11-23,13.25,13.65,13.25,13.5,13.45,6275.0,0.84
2012-11-26,13.15,13.65,13.0,13.5,13.45,2212.0,0.29
2012-11-27,13.2,13.6,13.2,13.3,13.3,4227.0,0.56
2012-11-29,13.15,14.35,13.15,13.7,13.45,22292.0,3.07
2012-11-30,13.4,13.8,13.4,13.5,13.5,4050.0,0.55
2012-12-03,13.5,13.9,13.4,13.55,13.75,2313.0,0.31
2012-12-04,13.65,13.7,13.25,13.65,13.65,4506.0,0.61
2012-12-05,13.6,13.8,13.25,13.8,13.8,2038.0,0.28
2012-12-06,13.6,13.8,13.15,13.65,13.6,3693.0,0.5
2012-12-07,13.9,13.9,13.3,13.5,13.65,3396.0,0.46
2012-12-10,13.8,13.9,13.4,13.75,13.65,3666.0,0.5
2012-12-11,13.4,13.9,13.2,13.6,13.4,9296.0,1.25
2012-12-12,13.6,13.75,13.05,13.05,13.25,7579.0,1.02
2012-12-13,13.25,13.25,13.0,13.05,13.05,2356.0,0.31
2012-12-14,13.7,13.7,12.85,13.0,12.95,5661.0,0.74
2012-12-17,13.95,13.95,13.0,13.55,13.35,4620.0,0.61
2012-12-18,13.1,13.9,12.95,13.45,13.3,4800.0,0.64
2012-12-19,13.8,15.95,13.4,15.95,15.95,110338.0,16.76
2012-12-20,16.4,17.0,14.6,15.25,15.2,116842.0,18.02
2012-12-21,15.0,16.7,15.0,15.8,15.85,77956.0,12.44
2012-12-24,15.7,16.7,15.5,15.5,15.65,14371.0,2.28
2012-12-26,15.5,16.25,15.15,15.85,15.85,11176.0,1.76
2012-12-27,15.7,15.95,15.05,15.25,15.25,3950.0,0.61
2012-12-28,16.0,16.0,15.0,15.55,15.5,18556.0,2.87
2012-12-31,15.4,15.4,14.35,14.55,14.55,7617.0,1.12
2013-01-01,14.7,15.0,14.5,14.75,14.85,14527.0,2.13
2013-01-02,14.8,14.95,14.35,14.4,14.5,4931.0,0.72
2013-01-03,14.4,15.0,14.0,14.9,14.8,6123.0,0.9
2013-01-04,14.8,15.5,14.8,15.3,15.1,13559.0,2.05
2013-01-07,15.0,15.45,15.0,15.4,15.25,6201.0,0.95
2013-01-08,15.25,15.5,14.9,15.3,15.25,8523.0,1.29
2013-01-09,15.05,15.35,14.75,15.25,15.0,2196.0,0.33
2013-01-10,15.0,17.0,14.7,15.7,15.7,24415.0,3.92
2013-01-11,15.65,15.65,14.85,14.85,15.0,929.0,0.14
2013-01-14,14.9,15.05,14.15,14.75,14.75,5834.0,0.87
2013-01-15,15.0,15.3,14.3,14.65,14.6,8859.0,1.3
2013-01-16,14.5,14.75,14.5,14.55,14.55,468.0,0.07
2013-01-17,14.45,14.85,14.3,14.3,14.45,8219.0,1.21
2013-01-18,14.35,14.85,14.2,14.7,14.55,7889.0,1.15
2013-01-21,14.6,15.0,14.2,14.2,14.2,3799.0,0.55
2013-01-22,14.2,14.8,14.0,14.0,14.1,1137.0,0.16
2013-01-23,13.9,13.9,13.3,13.65,13.75,3767.0,0.51
2013-01-24,13.9,13.9,13.15,13.2,13.2,2805.0,0.38
2013-01-25,13.05,13.35,12.85,13.35,13.3,3088.0,0.41
2013-01-28,13.95,14.65,13.55,14.2,13.9,7826.0,1.08
2013-01-29,13.9,14.5,13.9,14.0,14.0,3752.0,0.53
2013-01-30,13.8,14.0,13.2,14.0,13.85,2368.0,0.33
2013-01-31,13.75,14.0,13.3,13.7,13.65,2996.0,0.41
2013-02-01,13.55,14.0,13.0,13.8,13.6,21394.0,2.87
2013-02-04,13.5,13.95,13.1,13.35,13.2,4283.0,0.57
2013-02-05,13.0,13.45,12.5,12.7,12.7,7136.0,0.92
2013-02-06,12.65,13.35,12.3,12.95,12.95,14279.0,1.85
2013-02-07,12.75,13.55,12.55,13.4,13.4,4205.0,0.54
2013-02-08,13.0,13.0,12.5,12.8,12.8,4191.0,0.53
2013-02-11,12.7,13.4,12.2,12.5,12.4,4891.0,0.61
2013-02-12,12.45,12.8,12.35,12.5,12.55,2094.0,0.26
2013-02-13,12.3,12.5,11.7,12.3,12.3,3913.0,0.48
2013-02-14,12.2,14.45,11.5,12.45,12.0,3294.0,0.4
2013-02-15,12.95,12.95,11.5,11.8,11.5,3842.0,0.45
2013-02-18,12.65,12.9,11.7,11.8,11.8,4672.0,0.56
2013-02-19,12.0,12.0,11.75,11.75,11.8,1549.0,0.19
2013-02-20,11.8,11.95,11.4,11.8,11.55,12488.0,1.44
2013-02-21,11.6,11.9,11.4,11.8,11.8,758.0,0.09
2013-02-22,11.65,12.85,11.2,12.0,12.2,3410.0,0.41
2013-02-25,12.0,12.55,11.3,11.35,11.35,8012.0,0.93
2013-02-26,11.15,11.7,11.0,11.35,11.05,3443.0,0.38
2013-02-27,11.0,11.85,10.2,11.0,11.4,8770.0,0.97
2013-02-28,11.5,11.5,10.5,10.5,10.6,6402.0,0.69
2013-03-01,10.45,11.4,10.45,11.4,11.3,3342.0,0.37
2013-03-04,11.95,11.95,10.0,10.8,11.3,8624.0,0.92
2013-03-05,11.05,11.55,10.4,11.55,11.35,5044.0,0.55
2013-03-06,11.0,11.8,10.35,11.6,11.5,2936.0,0.32
2013-03-07,11.2,11.95,10.7,10.85,11.35,2020.0,0.22
2013-03-08,11.0,11.3,10.5,11.0,11.0,19918.0,2.19
2013-03-11,11.0,11.7,10.6,10.8,11.1,3762.0,0.41
2013-03-12,10.9,11.95,10.5,10.65,10.75,2948.0,0.32
2013-03-13,10.65,11.0,10.25,10.45,10.45,12061.0,1.28
2013-03-14,10.4,10.85,10.35,10.7,10.7,6190.0,0.66
2013-03-15,10.55,11.15,10.1,10.25,10.35,3882.0,0.4
2013-03-18,10.2,11.0,9.65,10.35,10.55,7203.0,0.76
2013-03-19,10.35,11.35,10.2,10.35,10.35,9008.0,0.93
2013-03-20,10.0,10.6,9.75,10.1,10.2,5420.0,0.55
2013-03-21,10.85,10.85,9.55,9.85,9.85,2951.0,0.29
2013-03-22,10.85,10.85,9.4,9.4,9.45,14638.0,1.4
2013-03-25,9.1,9.85,9.05,9.05,9.15,10089.0,0.92
2013-03-26,8.8,9.0,8.2,8.95,8.9,6123.0,0.53
2013-03-28,8.75,8.9,8.6,8.75,8.6,3614.0,0.31
2013-04-01,8.05,10.15,8.05,9.1,9.65,6069.0,0.55
2013-04-02,9.0,10.0,8.75,9.5,9.75,5900.0,0.57
2013-04-03,9.9,10.1,9.5,9.9,9.8,1191.0,0.12
2013-04-04,9.4,9.95,9.15,9.25,9.25,2878.0,0.27
2013-04-05,9.8,10.0,9.0,9.0,9.25,12010.0,1.15
2013-04-08,10.0,10.0,8.6,8.95,8.65,5922.0,0.53
2013-04-09,8.75,9.5,8.75,8.8,8.9,1021.0,0.09
2013-04-10,8.6,8.7,8.6,8.7,8.7,879.0,0.08
2013-04-11,8.85,9.3,8.8,9.3,9.3,301.0,0.03
2013-04-12,9.0,9.0,8.55,8.6,8.8,1240.0,0.11
2013-04-15,8.65,9.4,8.6,9.35,9.1,773.0,0.07
2013-04-16,9.0,9.35,8.7,8.7,9.15,1107.0,0.1
2013-04-17,8.8,9.15,8.75,9.1,9.1,1914.0,0.17
2013-04-18,9.55,9.55,8.9,8.9,8.9,203.0,0.02
2013-04-22,8.5,9.35,8.5,8.75,8.75,729.0,0.07
2013-04-23,9.65,9.65,8.7,8.8,8.8,640.0,0.06
2013-04-25,8.8,9.65,8.8,9.0,8.8,706.0,0.06
2013-04-26,8.65,9.4,8.65,9.05,9.2,1957.0,0.18
2013-04-29,8.8,10.0,8.7,9.0,9.85,2632.0,0.25
2013-04-30,10.0,10.0,8.95,9.3,9.45,5143.0,0.48
2013-05-02,9.1,9.8,8.65,8.85,8.85,530.0,0.05
2013-05-03,8.7,10.15,8.5,10.1,9.8,13310.0,1.31
2013-05-06,10.0,10.2,9.35,9.95,9.95,8725.0,0.86
2013-05-07,9.7,9.95,9.4,9.4,9.4,2403.0,0.23
2013-05-08,9.7,9.7,8.85,9.3,9.05,8684.0,0.79
2013-05-09,9.0,9.3,8.95,8.95,9.0,3270.0,0.29
2013-05-10,8.9,9.5,8.8,9.3,9.3,6557.0,0.59
2013-05-11,9.1,9.35,8.85,9.35,9.2,10.0,0.0
2013-05-13,9.1,9.1,8.65,8.75,8.75,2233.0,0.2
2013-05-14,8.65,9.0,8.65,8.95,8.95,820.0,0.07
2013-05-15,9.0,9.85,8.75,9.0,8.95,2965.0,0.27
2013-05-16,9.0,9.9,8.65,8.85,8.85,1503.0,0.14
2013-05-17,8.75,9.0,8.7,9.0,9.0,1300.0,0.12
2013-05-20,9.05,9.35,8.75,9.0,8.85,1929.0,0.17
2013-05-21,8.7,9.0,8.5,8.85,8.6,2404.0,0.21
2013-05-22,8.55,9.25,8.55,9.0,9.0,2724.0,0.24
2013-05-23,9.0,9.55,7.25,8.1,8.1,15036.0,1.24
2013-05-24,7.8,8.2,6.65,7.8,7.8,9840.0,0.74
2013-05-27,7.85,8.25,7.85,8.15,7.95,75.0,0.01
2013-05-28,7.85,8.45,7.65,8.0,7.75,4097.0,0.32
2013-05-29,7.7,8.1,7.6,8.1,7.7,2686.0,0.21
2013-05-30,7.75,7.75,7.3,7.6,7.6,1542.0,0.12
2013-05-31,7.5,7.7,7.25,7.5,7.5,1779.0,0.13
2013-06-03,7.35,7.4,6.9,7.2,7.15,3806.0,0.28
2013-06-04,7.55,7.55,7.15,7.15,7.35,358.0,0.03
2013-06-05,7.0,7.85,7.0,7.0,7.0,4909.0,0.35
2013-06-06,7.0,7.35,7.0,7.05,7.05,2657.0,0.19
2013-06-07,7.55,7.55,7.0,7.0,7.05,1722.0,0.12
2013-06-10,7.0,7.85,6.95,7.05,7.3,1113.0,0.08
2013-06-11,7.4,7.45,6.4,6.55,6.6,3180.0,0.22
2013-06-12,6.4,6.8,6.25,6.25,6.3,3286.0,0.21
2013-06-13,6.2,6.4,6.1,6.2,6.1,5049.0,0.31
2013-06-14,6.0,6.95,5.95,6.2,6.2,4344.0,0.27
2013-06-17,6.55,6.6,6.2,6.25,6.25,512.0,0.03
2013-06-18,6.1,6.6,6.05,6.1,6.1,2131.0,0.13
2013-06-19,5.95,6.4,5.95,5.95,6.0,1275.0,0.08
2013-06-20,6.0,6.25,5.9,5.95,6.1,2903.0,0.18
2013-06-21,6.0,6.6,5.85,6.15,6.15,3377.0,0.21
2013-06-24,7.2,7.2,5.7,6.0,6.0,2352.0,0.14
2013-06-25,5.85,6.35,5.6,5.85,5.9,2341.0,0.14
2013-06-26,5.8,6.2,5.8,5.85,5.85,5583.0,0.33
2013-06-27,5.7,6.05,5.65,6.05,6.0,4737.0,0.27
2013-06-28,6.0,7.2,5.95,6.2,6.2,5904.0,0.39
2013-07-01,6.2,6.75,6.15,6.15,6.15,1405.0,0.09
2013-07-02,5.9,6.9,5.9,6.8,6.8,6622.0,0.44
2013-07-03,8.1,8.1,6.55,6.75,6.9,4161.0,0.29
2013-07-04,7.0,7.0,6.35,6.8,6.65,1916.0,0.13
2013-07-05,6.35,7.8,6.2,7.05,7.05,4344.0,0.31
2014-01-13,8.0,8.0,7.45,7.45,7.45,1000.0,0.08
2014-01-14,7.55,7.55,7.1,7.15,7.15,2346.0,0.17
2014-01-15,7.4,7.5,6.95,7.5,7.3,48041.0,3.6
2014-01-16,7.6,7.6,7.1,7.45,7.45,2480.0,0.18
2014-01-17,7.1,7.8,7.1,7.5,7.5,1493.0,0.11
2014-01-20,7.5,7.85,7.2,7.85,7.85,2554.0,0.2
2014-01-21,8.2,8.2,7.5,8.15,7.55,2007.0,0.15
2014-01-22,7.6,7.65,7.6,7.6,7.6,9950.0,0.76
2014-01-23,7.3,7.9,7.3,7.35,7.35,101.0,0.01
2014-01-24,7.05,7.7,7.0,7.0,7.0,1147.0,0.08
2014-01-27,7.0,7.3,6.9,7.3,7.3,750.0,0.05
2014-01-29,7.3,7.35,7.3,7.35,7.35,7735.0,0.57
2014-02-03,7.0,7.45,7.0,7.45,7.45,741.0,0.05
2014-02-05,7.1,7.1,7.1,7.1,7.1,100.0,0.01
2014-02-06,6.75,6.75,6.75,6.75,6.75,476.0,0.03
2014-02-07,6.75,7.0,6.45,7.0,6.7,579.0,0.04
2014-02-10,6.4,6.4,6.4,6.4,6.4,100.0,0.01
2014-02-11,6.35,6.55,6.35,6.5,6.5,1101.0,0.07
2014-02-12,6.5,6.5,6.5,6.5,6.5,250.0,0.02
2014-02-13,6.45,6.75,6.45,6.5,6.65,1605.0,0.11
2014-02-14,6.4,6.4,6.35,6.35,6.4,1065.0,0.07
2014-02-17,6.4,6.7,6.1,6.7,6.65,3321.0,0.2
2014-02-19,6.6,6.6,6.35,6.35,6.35,758.0,0.05
2014-02-20,6.6,6.65,6.05,6.4,6.4,3933.0,0.25
2014-02-21,6.4,6.65,6.1,6.1,6.1,926.0,0.06
2014-02-24,5.8,5.8,5.8,5.8,5.8,1870.0,0.11
2014-02-25,5.55,6.05,5.55,6.05,6.0,6541.0,0.37
2014-02-26,6.0,6.05,5.75,5.75,5.75,990.0,0.06
2014-02-28,6.0,6.0,5.55,5.9,5.75,7049.0,0.41
2014-03-03,5.5,6.0,5.5,5.85,5.65,2573.0,0.15
2014-03-04,5.55,5.9,5.5,5.9,5.9,2786.0,0.16
2014-03-05,5.65,5.7,5.65,5.65,5.65,6370.0,0.36
2014-03-06,5.65,5.9,5.4,5.75,5.75,28349.0,1.59
2014-03-07,5.25,6.0,5.25,5.7,5.7,96492.0,5.38
2014-03-10,5.85,6.1,5.55,5.7,5.7,94658.0,5.27
2014-03-11,5.55,5.85,5.5,5.85,5.55,692.0,0.04
2014-03-12,5.55,5.9,5.55,5.9,5.9,602.0,0.04
2014-03-13,5.55,5.9,5.55,5.9,5.9,6727.0,0.39
2014-03-14,5.65,5.75,5.5,5.5,5.5,572.0,0.03
2014-03-18,5.85,5.85,5.8,5.8,5.8,1000.0,0.06
2014-03-19,5.6,5.8,5.6,5.8,5.65,1824.0,0.1
2014-03-20,5.55,5.8,5.5,5.65,5.65,1101.0,0.06
2014-03-21,5.85,6.15,5.7,5.7,5.75,46922.0,2.74
2014-03-22,5.75,5.75,5.55,5.55,5.55,102.0,0.01
2014-03-24,5.65,5.65,5.65,5.65,5.65,300.0,0.02
2014-03-25,5.3,5.75,5.3,5.6,5.6,1384.0,0.08
2014-03-26,5.6,6.15,5.25,5.25,5.55,4418.0,0.25
2014-03-27,5.3,5.55,5.3,5.35,5.35,785.0,0.04
2014-03-28,5.5,5.75,5.3,5.75,5.35,4031.0,0.22
2014-03-31,5.75,5.8,5.55,5.65,5.65,2030.0,0.11
2014-04-01,5.6,5.95,5.6,5.95,5.95,446.0,0.03
2014-04-02,6.0,6.05,5.55,5.55,5.6,5051.0,0.29
2014-04-03,5.65,5.9,5.65,5.7,5.7,552.0,0.03
2014-04-04,5.85,5.9,5.7,5.7,5.7,356.0,0.02
2014-04-07,5.7,6.1,5.7,6.1,6.05,380.0,0.02
2014-04-09,5.75,6.1,5.75,5.9,5.9,2139.0,0.13
2014-04-10,6.0,6.45,6.0,6.45,6.45,11286.0,0.7
2014-04-11,6.45,7.05,6.45,7.05,7.05,3502.0,0.24
2014-04-15,7.0,7.7,7.0,7.0,7.0,4501.0,0.32
2014-04-16,7.0,7.2,6.7,6.9,6.9,2080.0,0.15
2014-04-17,7.5,7.5,6.8,6.8,6.8,2197.0,0.15
2014-04-21,7.2,7.2,6.8,6.8,6.8,2370.0,0.16
2014-04-22,6.8,7.3,6.8,7.0,7.05,10785.0,0.77
2014-04-23,7.0,7.05,6.75,7.05,7.05,2440.0,0.17
2014-04-25,6.7,7.1,6.7,7.1,7.05,5529.0,0.38
2014-04-28,6.8,7.2,6.8,7.2,7.2,649.0,0.04
2014-04-29,6.55,7.2,6.5,7.2,7.15,23372.0,1.62
2014-04-30,6.55,6.85,6.55,6.6,6.7,1248.0,0.08
2014-05-02,6.7,6.95,6.4,6.4,6.4,2028.0,0.13
2014-05-06,6.25,7.0,6.25,6.95,6.85,2619.0,0.18
2014-05-07,6.95,7.2,6.6,6.6,6.6,1100.0,0.08
2014-05-08,7.45,7.45,6.35,7.15,7.15,2559.0,0.18
2014-05-09,6.75,7.4,6.75,6.95,6.95,2665.0,0.18
2014-05-12,6.7,7.05,6.4,6.6,6.6,10633.0,0.72
2014-05-13,6.55,6.8,6.4,6.8,6.8,4935.0,0.32
2014-05-14,6.5,7.0,6.0,7.0,6.85,9244.0,0.59
2014-05-15,6.65,6.95,6.35,6.85,6.35,8646.0,0.56
2014-05-16,6.95,7.0,6.0,6.15,6.35,5923.0,0.38
2014-05-19,6.55,7.6,6.5,7.6,7.6,30046.0,2.21
2014-05-20,8.05,9.1,8.0,9.1,9.1,65879.0,5.95
2014-05-21,10.45,10.8,9.3,10.45,10.45,89953.0,9.29
2014-05-22,10.85,11.4,10.55,11.0,11.0,40317.0,4.43
2014-05-23,11.0,12.1,10.2,10.2,10.25,54942.0,5.91
2014-05-26,10.5,11.0,9.35,10.0,9.55,41768.0,4.27
2014-05-27,9.75,10.35,8.6,8.6,8.6,34159.0,3.06
2014-05-28,8.75,9.0,8.6,8.9,8.65,7265.0,0.64
2014-05-29,8.65,9.0,8.65,8.9,8.8,3855.0,0.34
2014-05-30,8.85,9.1,8.4,8.4,8.4,15065.0,1.28
2014-06-02,8.1,8.5,8.0,8.0,8.0,23467.0,1.88
2014-06-03,8.4,8.4,7.6,7.9,8.0,53344.0,4.18
2014-06-04,8.35,8.4,7.6,7.7,7.75,73239.0,5.9
2014-06-05,8.0,8.1,7.45,8.1,8.0,40366.0,3.15
2014-06-06,8.35,8.4,7.6,8.4,8.35,34964.0,2.85
2014-06-09,8.5,8.75,8.4,8.75,8.75,7366.0,0.64
2014-06-10,9.15,9.15,8.5,8.8,8.85,11935.0,1.06
2014-06-11,9.1,9.25,8.5,9.0,9.0,30040.0,2.73
2014-06-12,9.0,9.4,8.7,9.2,9.25,6827.0,0.63
2014-06-13,9.0,9.7,8.8,9.1,8.85,19927.0,1.79
2014-06-16,8.7,8.7,8.45,8.45,8.45,3308.0,0.28
2014-06-17,8.85,8.85,8.05,8.05,8.05,4160.0,0.34
2014-06-18,8.05,8.45,7.9,8.45,8.35,4456.0,0.37
2014-06-19,8.3,8.75,8.3,8.75,8.75,3835.0,0.33
2014-06-20,9.0,9.1,8.35,8.35,8.35,9841.0,0.87
2014-06-23,8.05,8.75,8.05,8.7,8.65,3030.0,0.26
2014-06-24,8.4,8.8,8.25,8.3,8.3,5019.0,0.42
2014-06-25,7.95,8.7,7.9,7.95,8.0,16903.0,1.37
2014-06-26,8.4,8.4,7.8,8.0,8.0,1150.0,0.09
2014-06-27,8.0,8.4,7.8,8.4,8.35,1935.0,0.16
2014-06-30,8.25,8.75,8.25,8.6,8.6,18891.0,1.61
2014-07-01,8.45,8.65,8.35,8.45,8.6,10604.0,0.9
2014-07-02,8.75,8.95,8.4,8.95,8.9,18392.0,1.62
2014-07-03,8.85,8.85,8.5,8.65,8.55,17533.0,1.52
2014-07-04,8.3,8.95,8.3,8.95,8.9,18584.0,1.64
2014-07-07,8.95,9.3,8.8,9.2,9.3,38981.0,3.6
2014-07-08,9.2,9.7,8.85,8.9,9.0,41923.0,3.92
2014-07-09,9.4,9.4,8.7,9.0,9.0,8963.0,0.81
2014-07-10,9.05,9.05,8.55,8.55,8.6,46993.0,4.06
2014-07-11,8.25,9.0,8.2,8.5,8.5,55204.0,4.69
2014-07-14,8.75,8.75,8.15,8.15,8.2,5001.0,0.42
2014-07-15,8.1,8.55,7.8,8.0,8.0,34993.0,2.77
2014-07-16,7.75,8.4,7.75,8.4,8.4,20509.0,1.72
2014-07-17,8.15,8.65,8.15,8.65,8.6,3060.0,0.25
2014-07-18,8.6,8.85,8.3,8.35,8.35,2793.0,0.24
2014-07-21,8.7,8.7,8.15,8.15,8.15,10068.0,0.85
2014-07-22,8.25,8.5,8.2,8.2,8.2,2193.0,0.18
2014-07-23,8.0,8.45,8.0,8.2,8.2,2310.0,0.19
2014-07-24,8.2,8.3,8.0,8.3,8.05,4757.0,0.39
2014-07-25,8.05,8.3,8.0,8.0,8.0,25775.0,2.07
2014-07-28,7.7,8.2,7.65,8.0,8.0,3669.0,0.29
2014-07-30,8.25,8.3,7.7,8.0,8.0,2750.0,0.22
2014-07-31,8.1,8.1,7.9,8.0,8.0,3500.0,0.28
2014-08-01,7.7,8.2,7.7,8.2,8.05,1494.0,0.12
2014-08-04,8.35,8.7,8.2,8.4,8.4,2160.0,0.18
2014-08-05,8.9,8.9,7.9,8.25,8.2,4563.0,0.37
2014-08-06,7.85,8.15,7.7,7.8,7.8,12284.0,0.97
2014-08-07,7.6,7.9,7.55,7.85,7.85,2950.0,0.23
2014-08-08,8.35,8.35,7.35,7.55,7.6,6388.0,0.49
2014-08-11,7.15,7.7,7.15,7.65,7.65,783.0,0.06
2014-08-12,7.9,7.9,7.5,7.8,7.8,1490.0,0.11
2014-08-13,7.3,8.0,7.05,7.3,7.3,28056.0,2.03
2014-08-14,7.25,7.8,7.0,7.3,7.3,5572.0,0.4
2014-08-18,7.0,7.65,7.0,7.5,7.5,5383.0,0.4
2014-08-19,7.05,7.55,7.0,7.2,7.2,14979.0,1.09
2014-08-20,7.5,7.5,7.05,7.05,7.05,1990.0,0.14
2014-08-21,7.0,7.5,7.0,7.5,7.5,6798.0,0.49
2014-08-22,7.5,8.2,7.25,7.55,7.45,34565.0,2.63
2014-08-25,7.65,7.75,7.15,7.45,7.4,11782.0,0.88
2014-08-26,7.3,7.55,7.15,7.15,7.15,1445.0,0.11
2014-08-27,7.5,7.6,7.0,7.0,7.15,14158.0,1.02
2014-08-28,7.35,7.5,7.35,7.35,7.35,5500.0,0.41
2014-09-01,7.2,7.5,7.15,7.15,7.15,2256.0,0.17
2014-09-02,7.0,7.5,7.0,7.2,7.3,17697.0,1.32
2014-09-03,7.1,7.35,7.05,7.35,7.25,2194.0,0.16
2014-09-04,7.0,7.25,6.9,7.0,7.0,2309.0,0.16
2014-09-05,6.85,7.2,6.55,6.8,6.75,30348.0,2.05
2014-09-08,6.5,7.0,6.5,6.85,6.85,4037.0,0.27
2014-09-09,7.0,7.0,6.55,6.9,6.9,5960.0,0.4
2014-09-10,7.5,8.05,6.8,6.9,6.85,59684.0,4.33
2014-09-11,7.15,7.55,7.0,7.1,7.15,30312.0,2.17
2014-09-12,7.05,7.65,7.05,7.65,7.6,17892.0,1.34
2014-09-15,7.5,9.1,7.05,9.1,8.8,50552.0,4.41
2014-09-16,9.1,10.15,8.4,8.5,8.5,23145.0,2.11
2014-09-17,8.5,9.2,7.85,8.45,8.45,5385.0,0.47
2014-09-18,8.35,9.1,7.75,9.0,8.95,25835.0,2.28
2014-09-19,9.15,9.9,8.15,9.15,9.0,16782.0,1.5
2014-09-22,9.0,9.3,8.5,8.65,8.8,9234.0,0.84
2014-09-23,9.4,9.45,8.2,8.4,8.45,3238.0,0.28
2014-09-24,8.35,9.0,7.8,8.45,8.35,10166.0,0.84
2014-09-25,8.2,8.35,7.55,8.05,8.05,4830.0,0.38
2014-09-26,8.0,8.2,7.35,8.05,7.8,4106.0,0.32
2014-09-29,8.4,8.5,7.5,7.5,7.55,1683.0,0.14
2014-09-30,7.5,8.15,7.45,8.1,8.1,956.0,0.07
2014-10-01,8.35,8.35,7.75,8.35,8.35,2643.0,0.21
2014-10-07,8.1,8.6,7.75,7.9,7.95,2881.0,0.23
2014-10-08,7.8,7.8,7.65,7.65,7.65,1895.0,0.15
2014-10-09,7.7,7.75,7.7,7.75,7.75,1171.0,0.09
2014-10-10,8.45,8.45,7.65,8.0,8.0,1711.0,0.14
2014-10-13,7.85,8.4,7.5,8.4,8.4,1983.0,0.16
2014-10-14,8.0,8.25,7.4,7.95,7.95,2420.0,0.19
2014-10-16,7.9,8.55,7.7,7.95,7.95,2129.0,0.17
2014-10-17,7.8,7.95,7.15,7.5,7.5,2309.0,0.17
2014-10-20,7.6,7.95,7.5,7.85,7.85,2200.0,0.17
2014-10-21,7.6,8.4,7.1,7.85,7.95,18736.0,1.51
2014-10-22,8.25,8.25,8.1,8.25,8.25,2350.0,0.19
2014-10-23,8.75,8.9,8.25,8.4,8.6,4652.0,0.4
2014-10-27,8.8,8.8,7.65,8.45,8.45,3816.0,0.31
2014-10-28,8.45,8.45,7.75,8.05,8.05,2382.0,0.19
2014-10-29,8.0,8.45,7.9,8.0,8.0,1694.0,0.14
2014-10-30,8.2,8.7,7.9,7.9,7.95,3172.0,0.26
2014-10-31,7.85,8.9,7.85,8.0,8.0,1970.0,0.16
2014-11-03,7.85,9.0,7.85,7.9,7.95,4290.0,0.34
2014-11-05,7.8,8.2,7.8,8.15,8.05,3699.0,0.3
2014-11-07,7.85,8.4,7.7,7.7,8.0,10781.0,0.85
2014-11-10,7.9,8.45,7.35,7.9,7.9,6233.0,0.5
2014-11-11,7.05,8.1,7.05,8.1,7.9,2570.0,0.2
2014-11-12,7.9,8.1,7.65,8.1,7.95,5740.0,0.45
2014-11-13,7.8,7.95,7.3,7.95,7.95,7946.0,0.61
2014-11-14,8.0,8.0,7.4,7.85,7.6,6394.0,0.5
2014-11-17,7.5,7.95,7.5,7.95,7.95,513.0,0.04
2014-11-18,7.85,7.95,7.3,7.8,7.45,8489.0,0.64
2014-11-19,8.0,8.1,7.25,7.3,7.25,5100.0,0.39
2014-11-20,7.15,7.9,7.0,7.9,7.9,2333.0,0.17
2014-11-21,7.65,7.95,7.15,7.5,7.5,9971.0,0.76
2014-11-24,7.4,7.4,7.1,7.3,7.3,1844.0,0.13
2014-11-25,7.15,7.85,7.15,7.45,7.45,2560.0,0.19
2014-11-26,7.2,7.5,7.15,7.2,7.35,2556.0,0.19
2014-11-27,7.2,7.5,7.05,7.5,7.5,3487.0,0.25
2014-11-28,8.65,8.65,7.0,7.4,7.25,4938.0,0.36
2014-12-01,7.15,7.2,7.0,7.0,7.0,2074.0,0.15
2014-12-02,7.0,7.5,6.85,6.85,6.9,4299.0,0.3
2014-12-03,7.25,7.25,6.9,7.15,7.15,7580.0,0.54
2014-12-04,7.05,7.9,7.05,7.45,7.25,18625.0,1.38
2014-12-05,6.95,7.25,6.95,7.15,7.15,3002.0,0.21
2014-12-08,7.15,7.7,7.0,7.65,7.45,1607.0,0.12
2014-12-09,7.1,7.4,6.8,7.2,7.2,3889.0,0.27
2014-12-10,7.55,7.55,6.85,6.85,6.9,3784.0,0.26
2014-12-11,7.55,7.55,6.8,6.8,6.8,452.0,0.03
2014-12-12,7.5,7.5,6.7,7.0,6.75,2624.0,0.18
2014-12-15,6.7,6.75,6.0,6.35,6.35,2435.0,0.16
2014-12-16,6.35,6.4,5.5,5.8,5.95,4711.0,0.28
2014-12-17,6.0,6.2,5.4,6.2,5.8,4870.0,0.28
2014-12-18,6.0,6.6,5.85,6.6,6.5,3388.0,0.21
2014-12-19,6.3,6.8,6.3,6.7,6.7,1465.0,0.1
2014-12-22,6.9,6.95,6.5,6.5,6.9,2022.0,0.14
2014-12-23,6.7,7.2,6.3,6.95,6.45,1226.0,0.08
2014-12-24,6.3,6.95,6.0,6.2,6.25,1343.0,0.08
2014-12-26,6.3,6.95,6.25,6.95,6.9,6262.0,0.43
2014-12-29,7.1,7.1,6.35,6.9,6.85,2330.0,0.16
2014-12-30,6.9,7.1,6.5,6.85,6.9,7475.0,0.52
2014-12-31,7.5,7.5,6.7,6.7,6.8,3732.0,0.26
2015-01-01,7.3,7.3,6.75,6.75,6.75,2167.0,0.15
2015-01-02,7.95,7.95,6.4,7.3,7.3,24036.0,1.72
2015-01-05,7.5,7.5,6.75,6.8,6.8,7431.0,0.52
2015-01-06,6.7,7.2,6.7,6.7,6.75,3019.0,0.21
2015-01-07,6.8,7.0,6.4,6.4,6.6,4930.0,0.33
2015-01-08,6.5,7.1,6.5,7.0,7.0,7749.0,0.54
2015-01-09,7.0,7.4,6.6,6.75,6.7,1927.0,0.13
2015-01-12,6.05,6.95,6.05,6.7,6.7,1427.0,0.09
2015-01-13,8.0,8.0,6.8,7.05,7.0,7954.0,0.58
2015-01-14,7.6,7.6,6.85,7.2,6.95,968.0,0.07
2015-01-15,6.85,7.3,6.6,7.15,7.0,10825.0,0.76
2015-01-16,8.4,8.4,6.45,6.9,6.8,11070.0,0.75
2015-01-19,7.75,7.75,6.7,7.15,6.8,4829.0,0.33
2015-01-20,7.65,7.65,6.6,6.7,6.75,1152.0,0.08
2015-01-21,7.9,7.9,6.35,6.95,6.95,4893.0,0.33
2015-01-22,7.2,7.2,6.65,7.1,6.85,2805.0,0.2
2015-01-23,6.65,7.5,6.65,7.05,7.05,7558.0,0.52
2015-01-27,6.8,7.3,6.65,7.05,7.05,3761.0,0.26
2015-01-28,7.0,7.0,6.7,6.95,6.95,757.0,0.05
2015-01-29,6.8,6.8,6.3,6.8,6.75,7961.0,0.53
2015-01-30,6.6,6.95,6.2,6.7,6.95,4089.0,0.28
2015-02-02,6.8,7.4,6.45,6.75,6.85,11999.0,0.82
2015-02-03,6.75,6.75,6.6,6.6,6.6,1079.0,0.07
2015-02-04,6.65,6.85,6.65,6.8,6.7,585.0,0.04
2015-02-05,6.8,6.8,6.45,6.8,6.7,16839.0,1.11
2015-02-06,6.45,6.8,6.4,6.45,6.45,2142.0,0.14
2015-02-09,6.35,6.4,6.35,6.4,6.4,405.0,0.03
2015-02-10,6.3,6.95,6.2,6.2,6.2,425.0,0.03
2015-02-11,6.2,6.2,6.1,6.1,6.1,3400.0,0.21
2015-02-12,6.4,6.55,6.1,6.5,6.25,5230.0,0.33
2015-02-13,6.45,6.5,5.95,6.0,6.0,2709.0,0.17
2015-02-16,6.75,6.95,6.05,6.1,6.1,4191.0,0.27
2015-02-18,6.15,6.85,6.15,6.5,6.35,9570.0,0.62
2015-02-19,6.05,6.45,6.05,6.1,6.25,2100.0,0.13
2015-02-20,6.0,6.7,6.0,6.7,6.5,4111.0,0.26
2015-02-23,6.9,6.9,6.25,6.35,6.35,5018.0,0.33
2015-02-24,7.25,7.3,6.15,6.8,6.3,5753.0,0.37
2015-02-25,6.3,6.7,6.15,6.7,6.2,1961.0,0.12
2015-02-26,6.2,6.5,6.2,6.5,6.45,142.0,0.01
2015-02-27,6.5,6.8,6.2,6.45,6.4,13022.0,0.82
2015-02-28,6.25,6.25,6.1,6.2,6.2,1295.0,0.08
2015-03-02,6.2,6.6,6.05,6.15,6.1,1716.0,0.11
2015-03-03,6.15,6.6,6.15,6.45,6.4,1814.0,0.11
2015-03-04,6.75,6.8,6.15,6.25,6.25,5272.0,0.34
2015-03-05,6.85,6.85,6.15,6.45,6.3,1262.0,0.08
2015-03-09,6.15,6.5,6.15,6.15,6.15,3850.0,0.24
2015-03-10,6.1,6.35,6.0,6.35,6.15,3403.0,0.2
2015-03-11,6.3,6.35,6.3,6.35,6.35,1200.0,0.08
2015-03-12,6.35,6.45,5.95,6.15,6.15,3997.0,0.25
2015-03-13,6.1,6.3,5.7,6.1,6.0,7835.0,0.47
2015-03-16,6.45,6.45,5.95,6.15,6.15,1742.0,0.11
2015-03-17,6.0,6.15,5.8,6.15,6.05,8765.0,0.53
2015-03-18,5.95,6.0,5.7,5.95,5.95,3308.0,0.19
2015-03-19,6.0,6.1,5.65,6.1,6.0,3012.0,0.18
2015-03-20,6.0,6.0,5.65,5.95,5.95,1855.0,0.11
2015-03-23,5.8,5.95,5.65,5.65,5.65,4228.0,0.25
2015-03-24,5.6,5.65,5.5,5.55,5.55,3093.0,0.17
2015-03-25,5.55,5.65,5.3,5.65,5.5,2119.0,0.12
2015-03-26,5.4,5.55,5.3,5.5,5.5,2991.0,0.16
2015-03-27,5.4,5.5,5.15,5.4,5.45,3058.0,0.17
2015-03-30,6.0,6.0,5.2,5.25,5.25,2399.0,0.13
2015-03-31,5.5,6.0,5.35,5.8,5.8,6475.0,0.36
2015-04-01,5.6,5.95,5.25,5.95,5.95,502.0,0.03
2015-04-06,5.95,5.95,5.4,5.4,5.8,2505.0,0.15
2015-04-07,5.8,6.35,5.35,5.85,5.95,4005.0,0.23
2015-04-08,6.2,6.45,5.8,6.1,6.1,4435.0,0.26
2015-04-09,6.1,6.25,5.95,6.2,6.15,2501.0,0.15
2015-04-10,6.0,6.2,5.75,5.75,5.75,2577.0,0.15
2015-04-13,5.9,6.9,5.8,6.1,6.2,15702.0,0.98
2015-04-15,7.35,7.35,5.95,5.95,6.15,14488.0,0.9
2015-04-16,6.15,6.35,5.75,6.15,5.75,6103.0,0.37
2015-04-17,6.8,6.8,5.95,6.4,6.25,8511.0,0.54
2015-04-20,6.65,6.65,5.6,5.75,5.95,6029.0,0.37
2015-04-21,5.75,6.4,5.6,6.1,6.1,2406.0,0.14
2015-04-22,5.85,6.35,5.55,6.35,6.35,2296.0,0.13
2015-04-23,6.0,6.5,5.65,5.85,5.85,5390.0,0.32
2015-04-24,5.65,6.0,5.65,5.8,5.8,1382.0,0.08
2015-04-27,5.7,5.7,5.6,5.65,5.65,1246.0,0.07
2015-04-28,5.95,6.35,5.65,6.2,6.1,2800.0,0.17
2015-04-29,5.8,6.5,5.55,5.8,5.95,3214.0,0.19
2015-04-30,6.35,6.35,5.7,6.1,6.1,1586.0,0.09
2015-05-04,5.8,6.4,5.7,5.9,5.95,2621.0,0.16
2015-05-05,5.8,6.8,5.25,6.25,6.25,15173.0,0.89
2015-05-06,6.1,6.1,5.6,5.6,5.6,2744.0,0.16
2015-05-07,5.7,5.9,5.2,5.2,5.45,10519.0,0.58
2015-05-08,5.9,5.9,5.45,5.7,5.5,964.0,0.05
2015-05-11,5.75,5.95,5.35,5.4,5.4,3177.0,0.17
2015-05-12,5.75,5.75,5.2,5.3,5.3,1871.0,0.1
2015-05-13,5.3,5.5,5.15,5.5,5.15,4969.0,0.26
2015-05-14,5.7,5.7,5.15,5.6,5.55,3163.0,0.17
2015-05-15,5.5,5.5,5.4,5.4,5.4,2534.0,0.14
2015-05-18,5.6,5.6,5.3,5.6,5.6,2930.0,0.16
2015-05-19,5.6,5.85,5.2,5.35,5.35,1811.0,0.1
2015-05-20,5.7,6.15,5.0,5.4,5.4,4935.0,0.28
2015-05-21,5.4,5.9,5.4,5.9,5.9,1044.0,0.06
2015-05-22,5.9,6.0,5.8,5.8,5.8,8931.0,0.53
2015-05-25,6.0,6.0,5.35,5.5,5.9,2030.0,0.11
2015-05-26,6.85,6.85,5.3,5.3,5.45,6791.0,0.39
2015-05-27,5.4,5.9,5.3,5.9,5.75,700.0,0.04
2015-05-28,5.6,5.65,5.2,5.4,5.45,1317.0,0.07
2015-05-29,5.25,5.65,5.25,5.3,5.3,2973.0,0.16
2015-06-01,5.3,5.3,5.2,5.25,5.25,200.0,0.01
2015-06-02,5.2,5.2,5.0,5.2,5.2,1924.0,0.1
2015-06-03,5.2,5.25,5.0,5.25,5.25,5719.0,0.29
2015-06-04,5.1,5.45,5.0,5.3,5.3,2876.0,0.15
2015-06-05,5.1,5.1,4.95,5.05,5.05,1462.0,0.07
2015-06-08,5.0,5.5,5.0,5.05,5.05,379.0,0.02
2015-06-09,5.0,5.4,5.0,5.35,5.35,2187.0,0.12
2015-06-10,5.05,5.15,5.05,5.15,5.15,1869.0,0.1
2015-06-11,5.0,5.1,5.0,5.1,5.1,95.0,0.0
2015-06-12,5.0,5.1,5.0,5.1,5.1,612.0,0.03
2015-06-15,4.95,5.3,4.8,4.8,4.9,1993.0,0.1
2015-06-16,4.85,5.0,4.85,4.95,4.95,422.0,0.02
2015-06-17,4.8,5.5,4.75,5.15,5.3,6978.0,0.37
2015-06-18,5.0,5.35,5.0,5.2,5.2,2225.0,0.12
2015-06-19,5.05,5.15,5.05,5.15,5.15,642.0,0.03
2015-06-22,5.0,5.4,5.0,5.4,5.4,2113.0,0.11
2015-06-23,5.1,5.9,5.1,5.25,5.25,1625.0,0.09
2015-06-24,5.1,5.6,5.1,5.5,5.5,916.0,0.05
2015-06-25,5.1,5.5,5.0,5.4,5.4,406.0,0.02
2015-06-26,5.4,5.6,5.1,5.6,5.6,2031.0,0.11
2015-06-29,5.1,5.5,5.1,5.5,5.4,4004.0,0.21
2015-06-30,5.05,5.75,5.05,5.75,5.55,4326.0,0.23
2015-07-01,5.1,5.9,5.1,5.5,5.5,2227.0,0.12
2015-07-02,5.15,5.7,5.15,5.35,5.35,2250.0,0.12
2015-07-03,5.15,5.3,5.15,5.3,5.3,504.0,0.03
2015-07-06,5.1,5.4,5.1,5.35,5.4,508.0,0.03
2015-07-07,5.1,5.65,5.1,5.35,5.35,2327.0,0.12
2015-07-08,5.1,5.6,5.1,5.35,5.55,5362.0,0.29
2015-07-09,5.2,5.6,5.2,5.5,5.5,8200.0,0.45
2015-07-10,5.2,5.6,5.2,5.5,5.5,3755.0,0.21
2015-07-13,5.6,5.7,5.3,5.65,5.65,2957.0,0.17
2015-07-14,5.25,5.8,5.25,5.8,5.7,1423.0,0.08
2015-07-15,5.3,6.2,5.3,5.8,5.8,18521.0,1.11
2015-07-16,6.0,6.3,6.0,6.0,6.0,11926.0,0.73
2015-07-17,5.85,6.85,5.65,5.65,5.75,4178.0,0.26
2015-07-20,5.5,6.35,5.35,6.35,6.35,3074.0,0.19
2015-07-21,6.0,6.0,5.8,5.8,5.8,1346.0,0.08
2015-07-22,6.0,6.0,5.4,6.0,6.0,554.0,0.03
2015-07-23,5.7,6.0,5.7,5.8,5.8,108.0,0.01
2015-07-24,5.8,5.8,5.45,5.55,5.55,4085.0,0.23
2015-07-27,5.5,5.9,5.3,5.7,5.7,575.0,0.03
2015-07-28,5.55,6.15,5.35,5.8,5.8,3133.0,0.18
2015-07-29,5.7,5.7,5.6,5.6,5.7,1002.0,0.06
2015-07-30,5.55,5.95,5.55,5.65,5.65,2415.0,0.14
2015-07-31,5.5,5.9,5.5,5.9,5.9,3302.0,0.19
2015-08-03,6.0,6.65,5.7,6.25,6.15,12925.0,0.79
2015-08-04,5.85,5.85,5.85,5.85,5.85,1926.0,0.11
2015-08-05,6.0,6.3,5.8,6.15,6.15,3977.0,0.24
2015-08-06,5.8,6.0,5.75,5.8,5.8,8544.0,0.5
2015-08-07,5.65,5.95,5.65,5.75,5.75,2966.0,0.17
2015-08-10,6.25,6.25,5.75,5.75,5.75,1022.0,0.06
2015-08-11,6.2,6.4,5.7,6.1,6.1,7710.0,0.48
2015-08-12,5.8,5.8,5.7,5.7,5.7,404.0,0.02
2015-08-13,5.7,5.95,5.6,5.95,5.95,205.0,0.01
2015-08-14,5.95,5.95,5.25,5.3,5.35,2703.0,0.15
2015-08-17,5.25,5.7,5.25,5.7,5.7,1095.0,0.06
2015-08-18,5.6,5.75,5.3,5.45,5.45,2324.0,0.13
2015-08-19,5.9,5.95,5.7,5.85,5.85,3505.0,0.2
2015-08-20,5.85,5.85,5.2,5.5,5.5,2398.0,0.13
2015-08-21,5.65,5.7,5.2,5.45,5.45,2780.0,0.15
2015-08-24,4.95,5.0,4.9,5.0,5.0,1000.0,0.05
2015-08-25,4.65,5.5,4.45,5.35,5.2,2415.0,0.12
2015-08-26,5.1,6.0,5.1,5.25,5.25,2000.0,0.11
2015-08-27,5.0,5.0,4.85,4.9,4.9,200.0,0.01
2015-08-28,5.25,5.25,4.95,4.95,5.0,6098.0,0.31
2015-08-31,4.95,5.55,4.8,5.45,5.45,5394.0,0.28
2015-09-01,5.0,5.1,4.75,4.75,4.75,3857.0,0.19
2015-09-02,5.1,5.1,4.7,5.0,5.0,991.0,0.05
2015-09-03,5.25,5.25,5.05,5.05,5.05,110.0,0.01
2015-09-04,5.0,5.0,4.9,4.9,4.9,1002.0,0.05
2015-09-07,4.9,4.9,4.6,4.6,4.6,467.0,0.02
2015-09-08,4.7,5.25,4.7,5.0,5.0,1915.0,0.1
2015-09-09,5.2,5.35,4.6,5.35,5.35,4573.0,0.24
2015-09-11,5.0,5.3,4.65,5.0,5.0,412.0,0.02
2015-09-14,4.7,5.25,4.7,5.15,5.15,1403.0,0.07
2015-09-15,4.95,5.35,4.9,5.15,5.15,1058.0,0.05
2015-09-16,5.25,5.25,5.0,5.0,5.0,3143.0,0.16
2015-09-18,5.45,5.45,5.25,5.25,5.25,205.0,0.01
2015-09-21,5.0,5.0,5.0,5.0,5.0,336.0,0.02
2015-09-22,5.05,5.15,5.05,5.05,5.05,2000.0,0.1
2015-09-23,5.05,5.3,5.0,5.0,5.0,2016.0,0.1
2015-09-24,5.4,5.4,5.4,5.4,5.4,100.0,0.01
2015-09-28,5.35,5.35,5.0,5.0,5.1,1163.0,0.06
2015-09-30,5.4,5.4,5.4,5.4,5.4,820.0,0.04
2015-10-01,5.4,5.45,5.3,5.35,5.35,3120.0,0.17
2015-10-05,5.1,5.5,4.8,5.5,5.5,9193.0,0.49
2015-10-06,5.3,5.6,5.05,5.55,5.55,949.0,0.05
2015-10-07,5.6,5.6,5.05,5.4,5.45,4578.0,0.24
2015-10-08,5.15,5.6,5.15,5.25,5.25,2520.0,0.14
2015-10-09,5.55,5.7,5.5,5.5,5.5,3305.0,0.18
2015-10-12,5.65,5.65,5.35,5.65,5.65,1047.0,0.06
2015-10-13,5.7,5.75,5.7,5.75,5.75,105.0,0.01
2015-10-14,6.35,6.35,5.4,5.6,5.6,1513.0,0.09
2015-10-15,5.5,5.85,5.25,5.4,5.4,1404.0,0.08
2015-10-16,5.35,5.5,5.35,5.4,5.4,162.0,0.01
2015-10-19,5.4,5.7,5.3,5.35,5.35,340.0,0.02
2015-10-20,6.15,6.2,4.7,5.65,5.65,16995.0,0.95
2015-10-21,5.8,5.85,5.8,5.85,5.85,1930.0,0.11
2015-10-23,5.7,5.95,5.7,5.95,5.95,725.0,0.04
2015-10-26,6.45,6.45,5.35,5.5,5.5,8497.0,0.48
2015-10-27,5.55,5.85,5.4,5.75,5.75,1035.0,0.06
2015-10-28,5.5,5.65,5.1,5.65,5.25,5711.0,0.31
2015-10-29,5.65,5.65,5.35,5.6,5.55,1326.0,0.07
2015-10-30,5.7,5.8,5.6,5.6,5.6,2602.0,0.15
2015-11-02,5.7,5.7,5.4,5.7,5.7,757.0,0.04
2015-11-03,5.5,5.8,5.45,5.5,5.55,1727.0,0.1
2015-11-04,5.5,6.15,5.4,5.8,5.7,7206.0,0.41
2015-11-05,5.55,5.85,5.55,5.55,5.55,4124.0,0.23
2015-11-06,5.55,5.7,5.2,5.7,5.7,2062.0,0.12
2015-11-09,6.0,6.0,5.25,5.5,5.5,4119.0,0.24
2015-11-10,5.3,5.6,5.3,5.6,5.6,1307.0,0.07
2015-11-13,5.2,5.75,5.1,5.4,5.5,903.0,0.05
2015-11-16,5.5,5.5,5.5,5.5,5.5,3000.0,0.16
2015-11-17,5.45,5.7,5.3,5.65,5.45,1361.0,0.07
2015-11-18,5.3,5.65,5.3,5.35,5.35,2831.0,0.15
2015-11-19,5.3,5.3,5.25,5.3,5.3,1116.0,0.06
2015-11-20,5.2,5.55,5.1,5.45,5.45,2551.0,0.13
2015-11-23,5.25,5.7,5.0,5.2,5.2,6290.0,0.33
2015-11-24,5.05,5.5,5.05,5.5,5.45,3922.0,0.21
2015-11-26,5.8,5.8,5.25,5.3,5.55,4006.0,0.22
2015-11-27,5.8,5.8,5.4,5.4,5.4,2625.0,0.15
2015-11-30,5.4,5.7,5.4,5.7,5.7,245.0,0.01
2015-12-01,5.3,6.0,5.3,5.7,5.7,5195.0,0.3
2015-12-02,5.45,5.85,5.45,5.65,5.8,11915.0,0.68
2015-12-03,6.2,6.35,5.5,6.35,6.2,34538.0,2.09
2015-12-04,6.0,6.9,5.95,6.6,6.35,16270.0,1.06
2015-12-07,6.8,7.6,6.55,7.6,7.6,71652.0,5.17
2015-12-08,8.1,9.1,7.3,7.6,7.65,645532.0,54.3
2015-12-09,7.85,8.15,6.65,6.9,6.85,83699.0,6.13
2015-12-10,7.0,7.7,7.0,7.4,7.6,33468.0,2.45
2015-12-11,7.55,7.75,6.5,7.0,6.85,69979.0,5.01
2015-12-14,6.6,7.35,6.6,6.95,6.8,46549.0,3.2
2015-12-15,6.5,7.35,6.15,7.1,7.05,75883.0,5.31
2015-12-16,7.35,7.35,6.85,7.0,7.0,48588.0,3.42
2015-12-17,7.0,7.3,6.85,6.9,6.9,90408.0,6.3
2015-12-18,7.0,7.0,6.7,6.95,6.9,20073.0,1.37
2015-12-21,7.1,7.1,6.4,6.65,6.8,16792.0,1.12
2015-12-22,6.9,7.15,6.5,7.15,7.0,25162.0,1.74
2015-12-23,7.3,7.3,6.7,6.95,7.0,54642.0,3.86
2015-12-24,7.85,7.85,6.75,6.75,6.85,24596.0,1.69
2015-12-28,7.5,7.5,6.85,7.0,7.05,27025.0,1.89
2015-12-29,7.35,7.35,6.9,6.9,7.1,46899.0,3.3
2015-12-30,7.2,7.4,6.9,7.05,7.05,127455.0,8.92
2015-12-31,7.0,7.25,6.9,7.0,6.95,146131.0,10.25
2016-01-01,7.2,7.2,6.9,7.05,6.95,133173.0,9.33
2016-01-04,7.15,7.15,6.9,6.9,6.9,49567.0,3.45
2016-01-05,7.0,8.25,7.0,8.25,8.25,478899.0,37.41
2016-01-06,8.45,8.8,7.6,7.75,7.75,249056.0,20.08
2016-01-07,7.4,7.55,7.2,7.2,7.3,81384.0,5.98
2016-01-08,7.25,7.9,7.25,7.9,7.75,21251.0,1.62
2016-01-11,7.8,8.0,7.5,8.0,7.85,31042.0,2.41
2016-01-12,7.6,8.4,7.6,8.0,8.0,100999.0,8.14
2016-01-13,8.4,8.4,7.0,7.6,7.5,43254.0,3.23
2016-01-14,6.55,7.35,6.55,6.7,6.75,36212.0,2.5
2016-01-15,6.3,7.7,6.3,7.0,6.85,9255.0,0.64
2016-01-18,6.7,6.7,5.6,5.95,5.8,32696.0,1.95
2016-01-19,6.25,6.35,6.0,6.35,6.25,18340.0,1.12
2016-01-20,6.55,6.55,5.7,6.0,6.0,8367.0,0.5
2016-01-21,6.2,6.55,6.0,6.45,6.25,7831.0,0.48
2016-01-22,6.75,7.5,6.55,7.0,7.0,19273.0,1.33
2016-01-25,6.8,7.35,6.8,7.15,7.15,2866.0,0.2
2016-01-27,7.0,7.0,6.6,7.0,6.9,861.0,0.06
2016-01-28,7.8,7.8,6.5,6.9,6.8,3058.0,0.21
2016-01-29,6.7,6.8,6.4,6.55,6.55,8517.0,0.55
2016-02-01,7.05,7.6,6.9,7.1,7.2,15888.0,1.15
2016-02-02,7.2,7.25,6.7,6.8,6.8,1375.0,0.1
2016-02-03,6.95,6.95,6.75,6.75,6.75,2007.0,0.14
2016-02-04,6.5,7.0,6.5,6.6,6.6,2576.0,0.18
2016-02-05,6.3,7.4,6.3,6.85,6.8,1550.0,0.1
2016-02-08,7.0,7.0,7.0,7.0,7.0,1.0,0.0
2016-02-09,7.0,7.25,6.45,6.75,6.75,2857.0,0.2
2016-02-10,6.35,6.65,6.15,6.65,6.65,5489.0,0.35
2016-02-11,6.1,6.2,6.05,6.1,6.05,4751.0,0.29
2016-02-12,5.1,7.0,5.1,5.5,5.55,9144.0,0.52
2016-02-15,6.65,6.65,5.2,6.4,6.35,23036.0,1.45
2016-02-16,6.05,6.6,6.0,6.15,6.15,441.0,0.03
2016-02-17,5.95,6.6,5.7,5.7,5.7,4490.0,0.27
2016-02-18,6.65,6.65,5.5,5.75,5.75,11400.0,0.66
2016-02-19,5.75,6.45,5.6,5.6,5.6,21225.0,1.24
2016-02-22,6.35,6.35,5.5,5.9,5.65,3792.0,0.22
2016-02-23,5.55,6.05,5.55,6.05,6.0,3003.0,0.18
2016-02-24,5.8,5.9,5.45,5.5,5.55,4598.0,0.26
2016-02-25,6.45,6.45,5.35,5.4,5.4,4704.0,0.26
2016-02-26,5.45,5.65,5.4,5.45,5.65,6018.0,0.33
2016-02-29,5.8,5.8,5.05,5.25,5.25,1604.0,0.08
2016-03-01,6.2,6.2,5.3,5.4,5.45,10095.0,0.56
2016-03-02,5.1,5.95,5.1,5.55,5.55,5580.0,0.32
2016-03-03,6.0,6.0,5.5,5.8,5.8,1675.0,0.1
2016-03-04,6.75,6.75,5.65,5.65,5.65,2609.0,0.15
2016-03-08,6.15,6.15,5.4,5.9,5.7,975.0,0.06
2016-03-09,6.0,6.0,5.4,5.6,5.6,11814.0,0.68
2016-03-10,5.8,5.8,5.45,5.8,5.8,4954.0,0.28
2016-03-11,5.95,5.95,5.5,5.5,5.5,6013.0,0.34
2016-03-14,5.8,5.8,5.35,5.35,5.4,2801.0,0.15
2016-03-15,5.5,5.6,5.2,5.2,5.3,10473.0,0.57
2016-03-16,5.8,5.8,5.3,5.3,5.3,4656.0,0.25
2016-03-17,6.0,6.0,5.3,5.3,5.35,47381.0,2.6
2016-03-18,5.6,5.6,5.3,5.3,5.3,3387.0,0.18
2016-03-21,5.95,5.95,5.35,5.4,5.4,2008.0,0.11
2016-03-22,5.5,5.55,5.2,5.5,5.45,12405.0,0.65
2016-03-23,5.75,5.75,5.1,5.25,5.25,29371.0,1.55
2016-03-28,5.45,5.45,5.0,5.25,5.1,7808.0,0.4
2016-03-29,5.2,5.2,4.7,5.0,4.75,9988.0,0.48
2016-03-30,4.5,5.05,4.5,4.9,4.9,5150.0,0.26
2016-03-31,5.2,5.2,4.85,5.15,5.15,6159.0,0.31
2016-04-01,5.15,5.2,5.0,5.2,5.2,2820.0,0.15
2016-04-04,4.9,5.2,4.9,4.9,5.0,4349.0,0.22
2016-04-05,5.5,5.5,4.9,4.9,4.9,5581.0,0.28
2016-04-06,5.35,5.8,5.0,5.6,5.5,30591.0,1.68
2016-04-07,5.15,5.75,5.15,5.25,5.25,2638.0,0.14
2016-04-08,6.0,6.0,5.05,5.05,5.1,25930.0,1.34
2016-04-11,5.3,5.3,5.0,5.2,5.2,3350.0,0.17
2016-04-12,5.5,5.5,5.0,5.1,5.1,3363.0,0.17
2016-04-13,5.1,5.4,4.85,5.25,5.25,19128.0,0.98
2016-04-18,5.1,5.3,5.0,5.3,5.3,3850.0,0.2
2016-04-20,5.05,5.3,5.05,5.3,5.3,5050.0,0.26
2016-04-21,5.3,5.4,5.0,5.3,5.3,4738.0,0.25
2016-04-22,4.9,5.3,4.9,5.3,5.2,3323.0,0.17
2016-04-25,5.7,5.7,5.15,5.4,5.4,4505.0,0.24
2016-04-26,5.4,5.4,5.1,5.4,5.4,4926.0,0.26
2016-04-27,5.4,5.4,5.25,5.35,5.35,5184.0,0.27
2016-04-28,5.15,5.55,5.15,5.45,5.45,4251.0,0.23
2016-04-29,5.4,5.45,5.2,5.45,5.45,3910.0,0.21
2016-05-02,5.2,5.2,5.2,5.2,5.2,80.0,0.0
2016-05-03,5.2,5.5,5.2,5.25,5.25,5128.0,0.27
2016-05-04,5.15,5.15,5.05,5.05,5.15,2750.0,0.14
2016-05-05,5.45,5.45,5.15,5.15,5.15,12710.0,0.66
2016-05-06,5.15,5.15,5.15,5.15,5.15,20.0,0.0
2016-05-09,5.15,5.3,5.1,5.2,5.2,5247.0,0.27
2016-05-10,5.0,5.45,5.0,5.4,5.4,3210.0,0.17
2016-05-11,5.55,5.55,5.25,5.45,5.4,1566.0,0.08
2016-05-12,5.0,5.25,5.0,5.15,5.15,4782.0,0.25
2016-05-13,5.15,5.3,5.15,5.3,5.25,545.0,0.03
2016-05-16,6.0,6.0,5.0,5.35,5.3,5850.0,0.31
2016-05-17,5.55,5.55,4.9,5.0,5.05,6404.0,0.32
2016-05-18,5.0,5.25,5.0,5.05,5.05,1963.0,0.1
2016-05-19,5.0,5.15,4.85,5.0,5.0,12301.0,0.62
2016-05-20,5.2,5.2,4.9,5.0,5.0,3379.0,0.17
2016-05-23,5.4,6.0,4.85,5.1,5.05,25216.0,1.38
2016-05-24,5.25,5.25,4.9,5.15,5.15,9125.0,0.47
2016-05-25,5.6,5.6,5.0,5.05,5.05,152.0,0.01
2016-05-26,5.0,5.15,5.0,5.15,5.15,1534.0,0.08
2016-05-27,5.15,5.35,5.0,5.35,5.35,25229.0,1.3
2016-05-30,5.25,5.35,4.95,5.05,5.05,2949.0,0.15
2016-05-31,4.6,5.2,4.6,5.1,5.05,13710.0,0.68
2016-06-01,4.85,5.3,4.85,5.0,5.0,2052.0,0.1
2016-06-02,5.0,5.0,4.8,4.9,4.9,4302.0,0.21
2016-06-03,4.8,5.0,4.8,5.0,5.0,4872.0,0.24
2016-06-06,5.0,5.0,4.95,4.95,4.95,1260.0,0.06
2016-06-07,4.75,5.2,4.75,5.0,5.0,2265.0,0.11
2016-06-08,4.8,5.1,4.75,5.0,5.05,7587.0,0.37
2016-06-09,4.8,5.3,4.8,5.15,5.15,2219.0,0.11
2016-06-10,4.9,5.15,4.85,5.1,5.1,14553.0,0.73
2016-06-13,5.0,5.3,4.9,5.2,5.15,2161.0,0.11
2016-06-14,5.0,5.4,5.0,5.0,5.05,7760.0,0.4
2016-06-15,5.0,5.4,5.0,5.3,5.25,10301.0,0.53
2016-06-16,5.0,5.2,5.0,5.2,5.2,20059.0,1.0
2016-06-17,5.05,5.3,5.05,5.05,5.1,10496.0,0.54
2016-06-20,5.15,5.15,4.85,5.1,5.1,6283.0,0.32
2016-06-21,5.2,5.3,5.1,5.2,5.2,4850.0,0.25
2016-06-22,5.1,5.3,5.1,5.2,5.2,9301.0,0.48
2016-06-23,5.0,5.25,5.0,5.25,5.25,1750.0,0.09
2016-06-24,5.25,5.95,5.1,5.25,5.1,17310.0,0.92
2016-06-27,5.0,5.3,5.0,5.3,5.3,4201.0,0.22
2016-06-28,5.0,5.3,5.0,5.15,5.1,3638.0,0.19
2016-06-29,5.2,5.25,5.05,5.25,5.2,8662.0,0.45
2016-06-30,5.1,5.4,5.1,5.4,5.35,6510.0,0.34
2016-07-01,5.0,5.95,5.0,5.8,5.75,40220.0,2.27
2016-07-04,5.95,5.95,5.25,5.7,5.5,29797.0,1.67
2016-07-05,5.45,5.8,5.45,5.8,5.8,9974.0,0.57
2016-07-07,5.6,5.85,5.55,5.8,5.55,11222.0,0.64
2016-07-08,5.7,5.75,5.5,5.7,5.7,8550.0,0.48
2016-07-11,5.5,5.85,5.2,5.7,5.7,3199.0,0.18
2016-07-12,5.5,5.85,5.2,5.55,5.5,6261.0,0.35
2016-07-13,5.4,5.65,5.35,5.35,5.4,9725.0,0.52
2016-07-14,5.35,5.65,5.3,5.65,5.55,3938.0,0.21
2016-07-15,5.65,5.65,5.4,5.45,5.45,11732.0,0.65
2016-07-18,5.2,5.85,5.2,5.8,5.8,6515.0,0.38
2016-07-19,5.8,5.8,5.6,5.75,5.75,10001.0,0.57
2016-07-20,5.9,6.05,5.75,5.8,5.8,23359.0,1.36
2016-07-21,5.8,6.05,5.8,6.05,6.05,2001.0,0.12
2016-07-22,5.75,6.75,5.5,6.5,6.55,18453.0,1.17
2016-07-25,6.85,7.5,6.55,7.35,7.2,86996.0,6.2
2016-07-26,7.0,7.4,7.0,7.2,7.15,26328.0,1.9
2016-07-27,6.9,7.15,6.7,6.9,7.0,21049.0,1.45
2016-07-28,6.8,7.4,6.8,6.95,7.0,12611.0,0.89
2016-07-29,6.8,7.15,6.25,6.9,6.95,18856.0,1.32
2016-08-01,7.5,7.5,6.85,6.85,6.9,3269.0,0.23
2016-08-02,6.8,6.8,6.35,6.5,6.7,12226.0,0.82
2016-08-03,6.2,6.7,6.15,6.35,6.35,4696.0,0.3
2016-08-04,6.55,6.55,6.15,6.15,6.15,3085.0,0.19
2016-08-05,6.25,6.45,6.2,6.25,6.35,3403.0,0.22
2016-08-08,6.05,6.6,6.05,6.6,6.6,5885.0,0.37
2016-08-09,6.15,6.65,6.15,6.25,6.25,5489.0,0.36
2016-08-10,6.1,6.95,6.1,6.3,6.3,5510.0,0.35
2016-08-11,5.9,6.65,5.7,6.15,6.15,7415.0,0.46
2016-08-12,6.15,6.3,5.75,5.8,5.9,16406.0,0.98
2016-08-16,5.7,5.9,5.35,5.75,5.45,16986.0,0.93
2016-08-17,5.45,5.65,5.4,5.65,5.65,7953.0,0.43
2016-08-18,5.5,5.8,5.45,5.7,5.7,6901.0,0.39
2016-08-19,5.9,5.9,5.45,5.75,5.6,2202.0,0.12
2016-08-22,5.35,5.7,5.35,5.6,5.6,444.0,0.02
2016-08-23,5.8,5.8,5.3,5.7,5.7,1608.0,0.09
2016-08-24,5.75,5.75,5.55,5.55,5.55,4652.0,0.27
2016-08-25,5.7,5.7,5.4,5.45,5.5,708.0,0.04
2016-08-26,5.7,5.7,5.1,5.5,5.5,12713.0,0.68
2016-08-29,5.3,5.4,5.2,5.35,5.35,4853.0,0.26
2016-08-30,5.25,5.4,5.0,5.1,5.1,19039.0,0.98
2016-08-31,5.5,5.5,4.6,4.95,4.95,8434.0,0.42
2016-09-01,5.6,5.6,5.1,5.5,5.4,7478.0,0.4
2016-09-02,5.7,5.7,5.1,5.2,5.4,7870.0,0.42
2016-09-06,5.3,5.6,5.25,5.5,5.5,6033.0,0.33
2016-09-07,5.3,5.6,5.0,5.25,5.3,10463.0,0.55
2016-09-08,5.6,5.6,5.1,5.4,5.4,5040.0,0.27
2016-09-09,5.2,5.55,5.15,5.4,5.35,5229.0,0.28
2016-09-12,5.0,5.6,5.0,5.35,5.35,1229.0,0.06
2016-09-14,5.1,5.4,5.05,5.25,5.25,5803.0,0.3
2016-09-15,5.2,5.4,5.2,5.25,5.25,2330.0,0.12
2016-09-16,5.15,5.25,5.1,5.1,5.1,9550.0,0.49
2016-09-19,5.1,5.5,5.1,5.3,5.3,9663.0,0.52
2016-09-20,5.2,5.25,5.1,5.25,5.15,35996.0,1.84
2016-09-21,5.15,5.3,5.05,5.05,5.05,2101.0,0.11
2016-09-22,5.0,5.3,5.0,5.05,5.15,18443.0,0.95
2016-09-23,5.25,5.25,5.05,5.05,5.05,2205.0,0.11
2016-09-26,5.0,5.2,5.0,5.2,5.2,6410.0,0.33
2016-09-27,5.0,5.2,5.0,5.0,5.0,7947.0,0.4
2016-09-28,5.15,5.35,5.05,5.05,5.05,35041.0,1.81
2016-09-29,5.0,5.25,4.75,4.9,4.9,13930.0,0.69
2016-09-30,4.9,4.95,4.9,4.9,4.9,4002.0,0.2
2016-10-03,4.8,5.05,4.75,4.85,4.85,28680.0,1.42
2016-10-04,5.05,5.05,4.9,4.9,4.9,3150.0,0.16
2016-10-05,4.95,5.3,4.9,5.25,5.25,23962.0,1.23
2016-10-06,5.05,6.3,5.05,6.3,6.3,120844.0,7.34
2016-10-07,6.7,7.55,6.55,7.55,7.5,371201.0,27.22
2017-01-09,5.75,6.85,5.5,5.75,5.95,13063.0,0.77
2017-01-10,5.75,6.1,5.75,6.1,6.1,4184.0,0.25
2017-01-11,5.6,7.2,5.6,6.15,5.95,17973.0,1.09
2017-01-12,6.3,6.75,5.9,6.0,6.05,6391.0,0.39
2017-01-13,5.85,6.3,5.85,6.1,6.1,4182.0,0.25
2017-01-16,5.55,6.15,5.55,6.15,5.95,4502.0,0.26
2017-01-17,5.6,6.2,5.6,5.9,5.9,4088.0,0.24
2017-01-18,6.25,6.25,5.85,5.9,5.9,7581.0,0.46
2017-01-19,6.15,6.15,5.7,5.7,5.8,6433.0,0.38
2017-01-20,6.1,6.8,5.8,6.7,6.55,30363.0,1.97
2017-01-23,6.7,6.85,6.4,6.85,6.8,10511.0,0.7
2017-01-24,6.85,6.85,6.35,6.4,6.55,28781.0,1.88
2017-01-25,6.35,6.85,6.3,6.75,6.7,8787.0,0.58
2017-01-27,6.5,6.9,6.5,6.75,6.75,10503.0,0.7
2017-01-30,6.15,7.0,6.1,6.45,6.45,16732.0,1.1
2017-01-31,6.5,6.95,6.35,6.9,6.85,7988.0,0.53
2017-02-01,6.85,8.05,6.75,8.0,7.85,83629.0,6.46
2017-02-02,8.4,9.4,8.0,9.4,9.4,379594.0,34.62
2017-02-03,9.7,10.3,9.2,10.3,10.3,224964.0,22.81
2017-02-06,10.95,11.3,10.1,10.65,10.7,294576.0,31.86
2017-02-07,10.65,10.7,9.65,9.8,9.75,111811.0,11.0
2017-02-08,9.55,9.7,8.9,9.25,9.15,69249.0,6.39
2017-02-09,9.1,9.8,9.0,9.2,9.2,15171.0,1.38
2017-02-10,9.25,9.35,8.9,8.9,8.95,12215.0,1.11
2017-02-13,9.2,9.2,8.45,8.95,8.95,19438.0,1.71
2017-02-14,8.35,8.45,8.1,8.1,8.1,32610.0,2.66
2017-02-15,7.85,8.55,7.7,7.9,7.85,22990.0,1.85
2017-02-16,7.85,8.15,7.5,7.9,7.9,6817.0,0.53
2017-02-17,7.9,8.25,7.55,8.1,8.0,27554.0,2.12
2017-02-20,8.1,8.4,7.6,8.3,8.3,8260.0,0.67
2017-02-21,7.9,8.1,7.9,8.0,8.05,4980.0,0.4
2017-02-22,8.05,8.05,7.75,7.75,7.85,1690.0,0.13
2017-02-23,7.75,8.0,7.55,7.75,7.75,3014.0,0.24
2017-02-27,7.75,7.75,7.7,7.7,7.75,775.0,0.06
2017-02-28,7.6,7.8,7.4,7.5,7.5,3225.0,0.25
2017-03-01,7.5,7.8,7.25,7.35,7.35,4537.0,0.34
2017-03-02,7.35,7.7,7.35,7.35,7.35,4821.0,0.36
2017-03-03,7.0,7.65,7.0,7.0,7.0,22351.0,1.59
2017-03-06,7.35,7.35,7.0,7.35,7.3,2050.0,0.15
2017-03-07,7.6,7.6,7.2,7.55,7.55,685.0,0.05
2017-03-08,7.3,7.5,7.2,7.5,7.5,3226.0,0.24
2017-03-09,7.55,7.85,7.2,7.85,7.85,32144.0,2.46
2017-03-10,8.2,8.2,8.2,8.2,8.2,7725.0,0.63
2017-03-14,8.6,8.6,8.6,8.6,8.6,4041.0,0.35
2017-03-15,9.0,9.0,9.0,9.0,9.0,21301.0,1.92
2017-03-16,9.1,9.45,9.1,9.45,9.45,20089.0,1.89
2017-03-17,9.9,9.9,9.4,9.9,9.9,81349.0,8.03
2017-03-20,10.35,10.35,9.45,9.9,9.8,36033.0,3.62
2017-03-21,9.6,9.6,9.35,9.4,9.4,11164.0,1.05
2017-03-22,9.1,9.1,8.95,8.95,8.95,1011.0,0.09
2017-03-23,8.95,8.95,8.55,8.6,8.6,9721.0,0.84
2017-03-24,8.2,9.0,8.2,8.5,8.55,12605.0,1.04
2017-03-27,8.2,8.8,8.15,8.8,8.8,3150.0,0.26
2017-03-28,8.4,8.4,8.4,8.4,8.4,1000.0,0.08
2017-03-29,8.2,8.25,8.0,8.0,8.1,8875.0,0.72
2017-03-30,8.05,8.05,7.7,8.0,7.75,34224.0,2.65
2017-03-31,7.55,7.85,7.4,7.85,7.7,5829.0,0.44
2017-04-03,8.0,8.0,7.35,7.35,7.45,15783.0,1.18
2017-04-05,7.8,7.8,7.8,7.8,7.8,5286.0,0.41
2017-04-06,8.0,8.1,7.6,8.1,8.1,9110.0,0.72
2017-04-07,8.1,8.5,8.1,8.35,8.35,5729.0,0.48
2017-04-10,8.3,8.7,8.1,8.35,8.35,5933.0,0.49
2017-04-11,8.0,8.5,7.95,8.5,8.35,10535.0,0.87
2017-04-12,8.55,8.75,8.05,8.75,8.75,14975.0,1.29
2017-04-13,9.15,9.15,8.45,9.0,8.6,6929.0,0.59
2017-04-17,8.35,8.7,8.3,8.6,8.6,5186.0,0.44
2017-04-18,8.35,8.75,8.2,8.2,8.25,7425.0,0.63
2017-04-19,8.05,8.25,8.05,8.25,8.25,1131.0,0.09
2017-04-20,8.6,8.6,8.0,8.0,8.0,1519.0,0.12
2017-04-21,8.4,8.4,8.0,8.15,8.15,3000.0,0.24
2017-04-24,7.9,8.35,7.9,8.35,8.35,3856.0,0.32
2017-04-25,8.05,8.6,8.05,8.6,8.6,1250.0,0.1
2017-04-26,8.95,8.95,8.2,8.35,8.35,6240.0,0.52
2017-04-27,8.1,8.3,7.95,8.0,8.0,3286.0,0.26
2017-04-28,7.7,8.35,7.7,8.35,8.3,4222.0,0.34
2017-05-02,7.95,8.3,7.9,7.95,8.3,6430.0,0.51
2017-05-03,8.7,8.7,7.9,8.0,8.0,6551.0,0.54
2017-05-04,7.75,8.1,7.75,8.1,8.1,1500.0,0.12
2017-05-05,7.8,8.35,7.7,8.25,8.25,1700.0,0.14
2017-05-08,7.85,8.15,7.85,8.05,8.05,2310.0,0.18
2017-05-09,8.0,8.05,8.0,8.05,8.05,590.0,0.05
2017-05-10,8.05,8.35,8.05,8.3,8.3,2830.0,0.23
2017-05-11,8.05,8.45,8.05,8.45,8.45,4731.0,0.39
2017-05-12,8.45,8.45,8.05,8.4,8.4,6300.0,0.53
2017-05-15,8.1,8.8,8.1,8.75,8.75,5920.0,0.51
2017-05-16,8.75,9.05,8.7,8.85,8.95,15388.0,1.37
2017-05-17,9.2,9.2,8.55,8.95,8.95,8546.0,0.75
2017-05-18,8.95,9.1,8.65,8.65,8.75,9722.0,0.85
2017-05-19,8.35,8.35,8.35,8.35,8.35,28089.0,2.35
2017-05-22,8.35,8.65,7.95,7.95,7.95,21875.0,1.74
2017-05-23,7.95,7.95,7.6,7.6,7.6,4890.0,0.37
2017-05-24,7.3,7.9,7.3,7.35,7.35,4333.0,0.33
2017-05-25,7.35,7.45,7.35,7.45,7.45,1400.0,0.1
2017-05-26,7.3,7.35,7.3,7.35,7.35,613.0,0.04
2017-05-29,7.35,7.6,7.2,7.55,7.55,2107.0,0.16
2017-05-30,7.9,7.9,7.35,7.4,7.4,1386.0,0.11
2017-05-31,7.3,7.6,7.1,7.55,7.55,15725.0,1.14
2017-06-01,7.25,7.75,7.2,7.5,7.5,5705.0,0.42
2017-06-02,7.25,7.3,7.15,7.2,7.2,1326.0,0.1
2017-06-05,7.4,7.55,6.9,7.25,7.25,18331.0,1.36
2017-06-06,7.05,7.15,7.0,7.0,7.1,5230.0,0.37
2017-06-07,6.8,7.1,6.8,7.1,7.05,4593.0,0.32
2017-06-08,7.6,7.75,7.1,7.75,7.75,14921.0,1.13
2017-06-09,8.5,8.5,7.85,8.2,8.2,10288.0,0.86
2017-06-12,8.2,8.2,8.2,8.2,8.2,4.0,0.0
2017-06-13,8.3,8.4,7.6,8.2,8.0,6545.0,0.53
2017-06-14,7.75,7.85,7.35,7.75,7.4,3652.0,0.27
2017-06-15,7.75,7.9,7.3,7.5,7.5,2235.0,0.17
2017-06-16,7.5,8.0,7.45,7.6,7.65,14725.0,1.13
2017-06-19,7.5,7.5,7.45,7.45,7.45,1400.0,0.1
2017-06-20,7.15,7.35,7.1,7.35,7.2,3110.0,0.22
2017-06-21,7.05,7.35,7.0,7.35,7.35,2451.0,0.17
2017-06-22,7.25,7.3,7.0,7.3,7.3,4408.0,0.31
2017-06-23,7.05,7.35,7.0,7.2,7.25,2682.0,0.19
2017-06-27,6.95,7.05,6.95,7.05,7.05,300.0,0.02
2017-06-28,7.1,7.2,7.1,7.15,7.15,1960.0,0.14
2017-06-29,7.15,7.35,7.15,7.2,7.2,4842.0,0.35
2017-06-30,6.8,7.5,6.8,7.5,7.5,626.0,0.05
2017-07-03,7.0,7.5,7.0,7.5,7.5,1202.0,0.09
2017-07-04,7.75,7.75,6.9,7.45,7.45,1053.0,0.08
2017-07-05,7.5,7.65,7.05,7.15,7.15,2138.0,0.16
2017-07-06,7.2,7.5,7.2,7.25,7.25,4120.0,0.3
2017-07-07,6.9,7.65,6.9,7.3,7.3,4314.0,0.32
2017-07-11,6.85,7.5,6.85,7.25,7.35,6960.0,0.5
2017-07-12,7.0,7.15,7.0,7.1,7.1,3032.0,0.22
2017-07-13,7.1,7.45,7.1,7.25,7.25,7353.0,0.53
2017-07-14,7.4,7.55,7.2,7.35,7.3,3629.0,0.27
2017-07-17,7.1,7.35,7.05,7.1,7.1,3091.0,0.22
2017-07-18,7.35,7.35,7.1,7.1,7.2,1718.0,0.12
2017-07-19,7.3,7.8,7.1,7.1,7.1,12324.0,0.89
2017-07-20,6.9,7.35,6.9,7.15,7.2,3349.0,0.24
2017-07-21,7.15,7.6,7.15,7.35,7.35,4216.0,0.31
2017-07-24,7.95,8.0,7.3,7.3,7.3,9792.0,0.74
2017-07-25,7.35,7.7,7.35,7.7,7.4,2684.0,0.2
2017-07-26,7.2,7.85,7.2,7.4,7.4,4061.0,0.3
2017-07-27,7.4,7.8,7.4,7.75,7.75,7045.0,0.53
2017-07-28,7.95,7.95,7.35,7.4,7.5,2078.0,0.16
2017-07-31,7.5,7.5,7.5,7.5,7.5,200.0,0.02
2017-08-01,7.05,7.9,7.05,7.65,7.65,1700.0,0.13
2017-08-02,7.1,7.75,7.1,7.5,7.5,1722.0,0.13
2017-08-03,7.3,7.5,7.15,7.4,7.15,2401.0,0.17
2017-08-04,7.15,7.2,7.15,7.15,7.15,3602.0,0.26
2017-08-07,6.9,7.2,6.45,7.2,7.2,1798.0,0.13
2017-08-08,7.05,7.35,7.0,7.0,7.05,1686.0,0.12
2017-08-09,7.05,7.05,6.4,6.7,6.7,4493.0,0.3
2017-08-10,6.1,6.9,5.5,5.8,5.75,43501.0,2.63
2017-08-11,6.4,6.8,5.5,6.0,5.95,6004.0,0.37
2017-08-14,6.85,6.85,6.0,6.05,6.4,2849.0,0.18
2017-08-16,6.8,6.8,6.05,6.35,6.35,3173.0,0.2
2017-08-17,6.35,6.65,6.05,6.35,6.1,22721.0,1.41
2017-08-18,6.0,6.15,5.7,6.0,6.0,11340.0,0.68
2017-08-21,5.8,6.45,5.5,6.0,6.0,2029.0,0.12
2017-08-22,6.0,6.05,5.75,5.75,5.85,4370.0,0.26
2017-08-23,6.0,6.0,5.75,5.75,5.75,4562.0,0.27
2017-08-24,5.65,6.0,5.65,5.85,5.8,3029.0,0.17
2017-08-28,6.2,6.2,5.7,6.2,6.15,2969.0,0.18
2017-08-29,5.85,6.25,5.7,6.05,6.05,5137.0,0.3
2017-08-30,6.05,6.05,5.2,5.7,5.95,11159.0,0.63
2017-08-31,5.95,6.0,5.8,5.85,5.85,3786.0,0.22
2017-09-01,5.75,6.5,5.6,5.85,6.4,13553.0,0.8
2017-09-04,5.95,6.45,5.6,6.4,6.35,3983.0,0.25
2017-09-05,6.0,6.35,5.8,6.2,6.05,7371.0,0.45
2017-09-06,6.05,6.15,5.8,6.15,6.15,12715.0,0.77
2017-09-07,5.9,6.4,5.65,5.9,5.9,6094.0,0.36
2017-09-08,5.9,6.15,5.9,6.0,6.0,5940.0,0.36
2017-09-11,6.05,7.2,6.0,7.2,7.2,35250.0,2.46
2017-09-12,8.0,8.6,7.6,8.6,8.6,130339.0,10.98
2017-09-13,8.95,9.45,8.35,8.6,8.5,272214.0,24.41
2017-09-14,8.4,8.55,7.85,8.2,8.15,31242.0,2.56
2017-09-15,7.7,8.1,7.35,7.8,7.75,48822.0,3.7
2017-09-18,7.75,8.3,7.55,7.7,7.75,65186.0,5.13
2017-09-19,7.7,8.0,7.2,7.5,7.55,12425.0,0.94
2017-09-20,7.65,7.95,7.55,7.8,7.8,21974.0,1.71
2017-09-21,8.15,8.15,7.3,7.7,7.6,9504.0,0.74
2017-09-22,7.7,7.7,7.2,7.6,7.6,8622.0,0.65
2017-09-25,7.3,7.7,6.85,7.0,7.0,10003.0,0.71
2017-09-26,7.5,7.7,7.0,7.4,7.5,20439.0,1.52
2017-09-27,7.4,7.65,6.9,7.3,7.3,8815.0,0.64
2017-09-28,6.95,7.6,6.95,7.35,7.35,8648.0,0.61
2017-09-29,7.3,7.3,7.0,7.0,7.0,7740.0,0.54
2017-10-03,7.35,7.35,6.8,6.8,6.8,5354.0,0.38
2017-10-04,6.8,7.1,6.75,6.75,6.75,2584.0,0.18
2017-10-05,6.7,6.9,6.5,6.9,6.9,9237.0,0.6
2017-10-06,7.2,7.2,6.9,6.9,6.9,2266.0,0.16
2017-10-09,6.65,7.2,6.6,6.6,6.6,16942.0,1.12
2017-10-10,6.85,6.85,6.3,6.6,6.6,2397.0,0.16
2017-10-11,6.35,6.8,6.3,6.3,6.3,4630.0,0.3
2017-10-12,6.0,6.6,6.0,6.6,6.6,7118.0,0.46
2017-10-13,6.3,6.6,6.3,6.55,6.35,2013.0,0.13
2017-10-16,6.05,6.65,6.05,6.55,6.55,5475.0,0.35
2017-10-17,6.3,6.55,6.25,6.55,6.55,2377.0,0.15
2017-10-18,6.3,6.55,6.25,6.5,6.5,791.0,0.05
2017-10-19,6.7,6.7,6.25,6.25,6.3,1266.0,0.08
2017-10-23,6.3,6.6,6.0,6.6,6.6,7510.0,0.48
2017-10-24,6.45,6.7,6.45,6.7,6.7,3737.0,0.25
2017-10-25,6.5,6.7,6.4,6.7,6.7,3510.0,0.23
2017-10-26,7.0,7.0,6.45,6.45,6.45,809.0,0.05
2017-10-27,6.75,6.75,6.5,6.65,6.65,4503.0,0.3
2017-10-30,6.7,6.95,6.35,6.6,6.6,9124.0,0.61
2017-10-31,6.45,6.8,6.4,6.75,6.75,7673.0,0.5
2017-11-01,6.9,6.9,6.5,6.75,6.7,4056.0,0.28
2017-11-02,6.75,6.75,6.4,6.5,6.5,1781.0,0.12
2017-11-03,6.5,6.8,6.5,6.5,6.5,6810.0,0.46
2017-11-06,6.45,6.8,6.3,6.4,6.4,6456.0,0.41
2017-11-07,6.2,6.55,6.2,6.55,6.55,588.0,0.04
2017-11-08,6.85,6.85,6.4,6.85,6.85,7412.0,0.51
2017-11-09,6.85,7.15,6.55,6.55,7.05,10592.0,0.74
2017-11-10,6.7,6.95,6.7,6.95,6.95,5751.0,0.39
2017-11-13,6.8,7.25,6.65,7.25,6.8,6670.0,0.45
2017-11-14,6.5,6.9,6.5,6.65,6.65,6502.0,0.43
2017-11-15,6.85,6.85,6.35,6.65,6.4,11674.0,0.77
2017-11-16,6.2,6.65,6.2,6.6,6.55,2535.0,0.16
2017-11-17,6.6,6.85,6.4,6.6,6.75,104025.0,7.02
2017-11-20,6.6,7.0,6.6,6.65,6.65,80774.0,5.57
2017-11-21,6.95,6.95,6.35,6.5,6.55,29075.0,1.91
2017-11-22,6.75,6.85,6.4,6.4,6.45,28548.0,1.92
2017-11-23,6.7,6.7,6.4,6.65,6.65,4118.0,0.27
2017-11-24,6.8,6.9,6.5,6.55,6.55,3809.0,0.26
2017-11-27,6.4,6.85,6.4,6.85,6.45,8580.0,0.58
2017-11-28,6.75,6.75,6.5,6.55,6.55,20333.0,1.36
2017-11-29,6.5,6.85,6.45,6.85,6.85,8860.0,0.6
2017-11-30,6.85,7.15,6.55,6.7,6.7,19804.0,1.34
2017-12-01,6.5,7.0,6.5,6.85,6.8,20360.0,1.38
2017-12-04,6.85,7.1,6.8,6.8,6.85,7429.0,0.52
2017-12-05,7.0,7.0,6.55,6.6,6.6,3730.0,0.25
2017-12-06,6.8,6.9,6.35,6.9,6.9,27596.0,1.88
2017-12-07,7.0,7.2,6.65,7.2,7.05,22953.0,1.61
2017-12-08,6.75,7.65,6.75,7.2,7.05,13586.0,0.96
2017-12-11,7.05,7.25,6.8,7.0,7.2,27717.0,1.99
2017-12-12,7.3,7.3,6.9,7.2,7.2,2718.0,0.2
2017-12-13,7.0,7.2,6.75,6.75,6.75,8407.0,0.58
2017-12-14,6.8,7.25,6.3,7.0,6.9,9685.0,0.67
2017-12-15,7.0,7.2,6.9,7.2,7.2,6610.0,0.47
2017-12-18,6.85,7.4,6.85,7.25,7.25,6596.0,0.48
2017-12-19,7.75,7.75,7.1,7.2,7.2,7708.0,0.55
2017-12-20,7.0,7.25,6.85,7.0,7.0,7679.0,0.55
2017-12-21,7.0,7.3,7.0,7.0,7.1,3049.0,0.22
2017-12-22,7.0,7.4,6.8,7.2,7.2,11477.0,0.82
2017-12-26,7.25,7.9,7.15,7.9,7.75,29121.0,2.26
2017-12-27,7.9,8.5,7.65,8.45,8.45,66194.0,5.55
2017-12-28,8.45,8.45,7.85,8.3,8.2,28062.0,2.31
2017-12-29,8.0,8.8,8.0,8.35,8.5,36413.0,3.12
2018-01-01,9.35,9.35,8.2,9.05,9.05,42642.0,3.85
2018-01-02,9.35,9.35,8.85,9.15,9.1,35157.0,3.2
2018-01-03,9.4,9.4,8.75,9.2,8.9,40641.0,3.66
2018-01-04,8.65,9.15,8.65,8.85,8.85,41743.0,3.76
2018-01-05,8.7,9.05,8.45,8.45,8.45,63243.0,5.46
2018-01-08,8.5,8.5,8.05,8.35,8.1,14664.0,1.21
2018-01-09,8.3,8.4,8.1,8.15,8.2,9424.0,0.78
2018-01-10,8.2,8.6,7.8,8.4,8.55,108597.0,9.02
2018-01-11,8.65,8.95,8.6,8.8,8.8,30042.0,2.65
2018-01-12,8.9,9.0,8.55,9.0,8.6,15590.0,1.36
2018-01-15,8.95,8.95,8.25,8.5,8.5,7770.0,0.65
2018-01-16,8.5,8.8,8.1,8.1,8.15,22041.0,1.82
2018-01-17,8.0,8.4,7.75,8.15,7.75,35695.0,2.79
2018-01-18,7.6,8.0,7.6,8.0,7.65,8703.0,0.67
2018-01-19,8.0,8.0,7.35,7.4,7.45,37993.0,2.83
2018-01-22,7.8,7.8,7.25,7.4,7.4,4129.0,0.31
2018-01-23,7.4,7.7,7.2,7.45,7.45,7088.0,0.52
2018-01-24,7.7,7.7,7.1,7.1,7.1,22440.0,1.6
2018-01-25,7.0,7.4,6.95,7.25,7.25,6172.0,0.44
2018-01-29,7.0,7.55,7.0,7.25,7.2,11351.0,0.82
2018-01-30,7.0,7.55,7.0,7.5,7.5,16784.0,1.25
2018-01-31,7.25,7.7,7.25,7.3,7.3,3010.0,0.22
2018-02-01,7.2,7.6,7.0,7.35,7.1,7587.0,0.55
2018-02-02,6.9,7.25,6.75,6.75,6.75,11579.0,0.79
2018-02-05,6.45,6.9,6.45,6.9,6.6,10448.0,0.69
2018-02-06,6.45,6.65,6.3,6.3,6.3,8906.0,0.57
2018-02-07,6.6,6.6,6.0,6.15,6.25,10087.0,0.62
2018-02-08,6.05,6.5,6.05,6.5,6.45,8610.0,0.56
2018-02-09,6.2,6.7,6.15,6.35,6.35,5478.0,0.35
2018-02-12,6.15,6.65,6.15,6.65,6.65,6413.0,0.43
2018-02-14,6.95,6.95,6.95,6.95,6.95,3859.0,0.27
2018-02-15,6.8,6.8,6.65,6.65,6.65,6804.0,0.46
2018-02-16,6.65,6.65,6.35,6.35,6.35,3379.0,0.22
2018-02-19,6.65,6.65,6.05,6.4,6.1,4102.0,0.25
2018-02-20,6.4,6.4,5.9,6.0,5.9,6827.0,0.41
2018-02-21,6.0,6.1,5.7,6.1,6.1,915.0,0.05
2018-02-22,6.35,6.4,6.0,6.35,6.35,14006.0,0.87
2018-02-23,6.6,6.6,6.2,6.5,6.5,1742.0,0.11
2018-02-26,6.65,6.65,6.25,6.45,6.4,7015.0,0.45
2018-02-27,6.15,6.4,6.1,6.1,6.1,9322.0,0.57
2018-02-28,6.0,6.1,5.85,6.1,6.1,15007.0,0.88
2018-03-01,6.25,6.25,6.2,6.25,6.25,36.0,0.0
2018-03-05,6.25,6.5,5.95,5.95,5.95,5742.0,0.35
2018-03-06,5.95,6.15,5.7,5.7,5.7,7105.0,0.41
2018-03-07,5.95,5.95,5.6,5.6,5.6,1491.0,0.08
2018-03-08,5.6,5.85,5.4,5.85,5.85,16585.0,0.92
2018-03-09,6.05,6.05,5.7,5.95,5.95,620.0,0.04
2018-03-12,5.95,5.95,5.7,5.7,5.7,8032.0,0.46
2018-03-13,5.7,5.95,5.5,5.8,5.55,10403.0,0.6
2018-03-14,5.75,5.75,5.55,5.75,5.7,2531.0,0.14
2018-03-15,5.9,5.9,5.55,5.65,5.65,7218.0,0.41
2018-03-16,5.7,5.8,5.55,5.8,5.8,6485.0,0.37
2018-03-19,5.55,5.85,5.55,5.8,5.7,6685.0,0.38
2018-03-20,5.85,5.85,5.45,5.45,5.45,5901.0,0.33
2018-03-21,5.45,5.7,5.25,5.6,5.5,1968.0,0.11
2018-03-22,5.6,5.6,5.25,5.3,5.3,2177.0,0.12
2018-03-23,5.25,5.25,5.05,5.1,5.2,4404.0,0.23
2018-03-26,5.3,5.45,5.15,5.2,5.35,6937.0,0.37
2018-03-27,5.15,5.5,5.15,5.4,5.15,3572.0,0.19
2018-03-28,5.25,5.4,5.1,5.3,5.1,7477.0,0.4
2018-04-02,4.95,5.35,4.95,5.35,5.35,2668.0,0.14
2018-04-03,5.25,5.45,5.2,5.45,5.4,411.0,0.02
2018-04-04,5.2,5.55,5.2,5.35,5.35,1645.0,0.09
2018-04-05,5.25,5.45,5.15,5.45,5.45,7310.0,0.39
2018-04-06,5.45,5.45,5.4,5.45,5.45,1262.0,0.07
2018-04-09,5.5,5.95,5.4,5.7,5.7,7218.0,0.42
2018-04-10,5.65,6.25,5.4,5.55,5.95,3784.0,0.22
2018-04-11,6.05,6.1,5.55,5.75,5.75,4350.0,0.25
2018-04-12,5.55,5.55,5.55,5.55,5.55,184.0,0.01
2018-04-13,5.65,5.95,5.5,5.75,5.75,3534.0,0.21
2018-04-16,5.6,6.05,5.4,5.85,5.85,567.0,0.03
2018-04-17,5.5,5.95,5.5,5.65,5.65,1035.0,0.06
2018-04-18,5.45,5.85,5.2,5.45,5.45,5518.0,0.3
2018-04-19,5.75,5.75,5.5,5.7,5.5,2958.0,0.17
2018-04-20,5.35,5.55,5.3,5.5,5.5,5371.0,0.29
2018-04-23,5.25,5.5,5.25,5.3,5.3,1423.0,0.08
2018-04-24,5.2,5.4,5.15,5.4,5.2,9753.0,0.51
2018-04-25,5.1,5.4,5.1,5.2,5.3,1938.0,0.1
2018-04-26,5.6,5.7,5.3,5.3,5.45,11680.0,0.64
2018-04-27,5.75,5.75,5.4,5.45,5.45,274.0,0.02
2018-04-30,5.9,5.9,5.5,5.5,5.5,3942.0,0.22
2018-05-02,5.5,5.85,5.35,5.85,5.75,2874.0,0.16
2018-05-03,6.0,6.0,5.4,5.4,5.4,3469.0,0.19
2018-05-04,5.25,5.9,5.25,5.4,5.4,6831.0,0.39
2018-05-07,5.7,5.7,5.4,5.4,5.4,1028.0,0.06
2018-05-08,5.4,5.5,5.4,5.4,5.4,565.0,0.03
2018-05-09,5.3,5.9,5.3,5.55,5.55,7177.0,0.41
2018-05-10,5.85,5.85,5.45,5.5,5.5,2183.0,0.12
2018-05-11,5.5,5.75,5.5,5.55,5.55,1356.0,0.08
2018-05-14,5.5,5.5,5.3,5.3,5.3,2200.0,0.12
2018-05-15,5.3,5.5,5.3,5.35,5.35,2212.0,0.12
2018-05-16,5.1,5.3,5.1,5.2,5.25,2101.0,0.11
2018-05-17,5.15,5.45,5.1,5.4,5.4,1848.0,0.1
2018-05-18,5.25,5.65,5.25,5.35,5.65,3816.0,0.21
2018-05-21,5.35,5.45,5.2,5.25,5.25,6145.0,0.32
2018-05-22,5.45,5.45,5.1,5.1,5.1,2050.0,0.1
2018-05-23,5.1,5.35,5.1,5.1,5.1,1359.0,0.07
2018-05-24,5.3,5.35,4.85,5.3,5.1,5010.0,0.27
2018-05-25,5.0,5.25,4.95,4.95,4.95,90.0,0.0
2018-05-28,4.9,5.15,4.9,5.15,5.15,1356.0,0.07
2018-05-29,5.0,5.4,5.0,5.3,5.3,1294.0,0.07
2018-05-30,5.1,5.1,5.05,5.05,5.05,749.0,0.04
2018-05-31,5.0,5.3,4.85,5.3,5.25,2307.0,0.12
2018-06-01,5.0,5.35,5.0,5.35,5.35,3148.0,0.16
2018-06-04,5.15,5.15,5.1,5.1,5.1,1075.0,0.06
2018-06-05,4.95,5.25,4.85,4.95,4.95,3992.0,0.2
2018-06-06,4.95,5.1,4.75,4.8,4.8,2548.0,0.13
2018-06-07,4.8,5.0,4.75,4.95,4.95,2560.0,0.12
2018-06-08,4.75,4.75,4.75,4.75,4.75,719.0,0.03
2018-06-11,4.55,4.95,4.55,4.85,4.85,8168.0,0.4
2018-06-12,4.65,5.05,4.65,5.05,5.05,201.0,0.01
2018-06-13,5.0,5.05,5.0,5.05,5.05,45.0,0.0
2018-06-14,4.8,4.8,4.8,4.8,4.8,324.0,0.02
2018-06-15,4.6,5.0,4.6,4.7,4.7,625.0,0.03
2018-06-18,4.9,4.9,4.75,4.9,4.9,78.0,0.0
2018-06-19,4.75,5.1,4.7,5.1,5.1,4100.0,0.2
2018-06-20,4.95,4.95,4.95,4.95,4.95,1000.0,0.05
2018-06-21,4.75,4.8,4.75,4.8,4.8,1200.0,0.06
2018-06-22,5.0,5.0,4.7,4.75,4.75,2210.0,0.11
2018-06-25,4.55,4.55,4.55,4.55,4.55,500.0,0.02
2018-06-26,4.45,4.5,4.35,4.35,4.35,3669.0,0.16
2018-06-27,4.45,4.5,4.2,4.2,4.2,3062.0,0.13
2018-06-28,4.0,4.4,4.0,4.4,4.4,1089.0,0.04
2018-06-29,4.3,4.4,4.25,4.3,4.35,5225.0,0.23
2018-07-02,4.4,4.5,4.3,4.5,4.5,2137.0,0.1
2018-07-03,4.35,4.35,4.35,4.35,4.35,550.0,0.02
2018-07-04,4.45,4.45,4.45,4.45,4.45,58.0,0.0
2018-07-05,4.3,4.3,4.25,4.25,4.25,503.0,0.02
2018-07-06,4.25,4.25,4.25,4.25,4.25,1200.0,0.05
2018-07-09,4.1,4.45,4.1,4.35,4.35,438.0,0.02
2018-07-10,4.2,4.25,4.15,4.15,4.2,9837.0,0.41
2018-07-11,4.2,4.4,4.05,4.4,4.4,607.0,0.03
2018-07-12,4.2,4.35,4.2,4.35,4.35,2747.0,0.12
2018-07-13,4.35,4.45,4.25,4.45,4.45,1250.0,0.05
2018-07-16,4.65,4.65,4.25,4.25,4.25,428.0,0.02
2018-07-17,4.2,4.2,4.2,4.2,4.2,400.0,0.02
2018-07-18,4.05,4.1,4.05,4.1,4.1,700.0,0.03
2018-07-19,4.2,4.2,4.2,4.2,4.2,300.0,0.01
2018-07-20,4.2,4.2,4.05,4.05,4.05,300.0,0.01
2018-07-23,3.9,3.9,3.85,3.85,3.85,4190.0,0.16
2018-07-24,3.85,4.0,3.85,4.0,4.0,566.0,0.02
2018-07-25,4.2,4.2,4.2,4.2,4.2,143.0,0.01
2018-07-26,4.4,4.4,4.05,4.1,4.1,2045.0,0.09
2018-07-27,4.15,4.3,4.15,4.3,4.3,74.0,0.0
2018-07-30,4.25,4.45,4.2,4.2,4.2,732.0,0.03
2018-07-31,4.2,4.4,4.1,4.1,4.15,603903.0,25.36
2018-08-01,4.1,4.35,4.1,4.15,4.15,1100228.0,45.66
2018-08-02,4.05,4.15,4.05,4.1,4.1,300227.0,12.46
2018-08-03,4.1,4.3,4.1,4.3,4.3,475.0,0.02
2018-08-06,4.3,4.45,4.15,4.15,4.2,4014.0,0.17
2018-08-07,4.05,4.4,4.05,4.4,4.3,7236.0,0.3
2018-08-08,4.4,4.4,4.15,4.15,4.3,6743.0,0.29
2018-08-09,4.5,4.5,4.15,4.2,4.2,251536.0,10.56
2018-08-10,4.4,4.4,4.05,4.35,4.35,548.0,0.02
2018-08-13,4.35,4.35,4.2,4.2,4.2,1037.0,0.05
2018-08-14,4.4,4.4,4.1,4.4,4.4,439.0,0.02
2018-08-16,4.4,4.4,4.2,4.25,4.25,300573.0,12.77
2018-08-17,4.2,4.45,4.05,4.05,4.05,3756.0,0.16
2018-08-20,4.05,4.25,3.95,4.25,4.05,70273.0,2.85
2018-08-21,4.0,4.2,3.9,4.2,4.2,6948.0,0.28
2018-08-23,4.4,4.4,4.0,4.25,4.25,2136.0,0.09
2018-08-24,4.25,4.25,4.05,4.05,4.05,746.0,0.03
2018-08-27,4.0,4.25,3.95,4.0,4.0,557.0,0.02
2018-08-28,3.85,4.2,3.8,4.2,4.15,6188.0,0.25
2018-08-29,4.35,4.35,4.0,4.0,4.0,711.0,0.03
2018-08-30,4.2,4.2,4.1,4.15,4.15,78.0,0.0
2018-08-31,4.35,4.35,3.95,3.95,3.95,1467.0,0.06
2018-09-03,3.95,4.1,3.95,4.1,4.1,590.0,0.02
2018-09-04,4.3,4.3,4.0,4.0,4.0,2031.0,0.09
2018-09-05,4.0,4.2,3.95,4.2,4.2,1306.0,0.05
2018-09-06,4.4,4.4,4.0,4.3,4.3,1737.0,0.07
2018-09-07,4.5,4.5,4.1,4.2,4.2,4031.0,0.17
2018-09-10,4.05,4.3,4.0,4.25,4.25,3538.0,0.14
2018-09-11,4.25,4.25,4.05,4.05,4.05,1743.0,0.07
2018-09-12,4.1,4.1,4.0,4.05,4.05,522.0,0.02
2018-09-14,4.1,4.25,4.0,4.05,4.25,16321.0,0.69
2018-09-17,4.45,4.45,4.05,4.05,4.1,2671.0,0.11
2018-09-18,4.25,4.3,4.15,4.15,4.15,4901.0,0.21
2018-09-19,4.0,4.35,4.0,4.25,4.25,11370.0,0.48
2018-09-21,4.45,4.45,4.05,4.45,4.25,1419.0,0.06
2018-09-24,4.45,4.45,4.05,4.05,4.05,526.0,0.02
2018-09-25,4.25,4.25,3.85,3.85,3.85,4415.0,0.17
2018-09-26,3.8,4.0,3.75,3.85,3.85,6580.0,0.26
2018-09-27,3.8,4.0,3.8,3.8,3.8,1023.0,0.04
2018-09-28,3.8,3.95,3.7,3.7,3.75,1753.0,0.07
2018-10-01,3.9,3.9,3.6,3.6,3.6,5911.0,0.21
2018-10-03,3.45,3.7,3.45,3.7,3.7,2414.0,0.09
2018-10-04,3.8,3.8,3.55,3.55,3.55,711.0,0.03
2018-10-05,3.7,3.7,3.6,3.65,3.65,5068.0,0.19
